Name,Date time,Maximum Temperature,Minimum Temperature,Temperature,Wind Chill,Heat Index,Precipitation,Snow,Snow Depth,Wind Speed,Wind Direction,Wind Gust,Visibility,Cloud Cover,Relative Humidity,Conditions,Contributing Stations
"Selangor, Malaysia",01/01/2010,31.7,25.1,27.1,,39,46.2,,,16.3,177.63,,7.3,90.2,87.37,"Rain, Overcast","SULTAN ABDUL AZIZ SHAH INTERNATIONAL, MY (Id=48647099999,7.5KM), WMSA (Id=WMSA,7.5KM), KUALA LUMPUR INTERNATIONAL, MY (Id=48650099999,45.0KM), WMKK (Id=WMKK,46.0KM)"
"Selangor, Malaysia",01/02/2010,30.9,24,26.6,,37.7,8.1,,,11,159.71,,6.7,89.9,88.15,"Rain, Overcast","SULTAN ABDUL AZIZ SHAH INTERNATIONAL, MY (Id=48647099999,7.5KM), WMSA (Id=WMSA,7.5KM), KUALA LUMPUR INTERNATIONAL, MY (Id=48650099999,45.0KM), WMKK (Id=WMKK,46.0KM)"
"Selangor, Malaysia",01/03/2010,32.8,25,27.1,,39.2,2.1,,,18.2,244.38,,7.9,90.4,86.28,"Rain, Overcast","SULTAN ABDUL AZIZ SHAH INTERNATIONAL, MY (Id=48647099999,7.5KM), WMSA (Id=WMSA,7.5KM), KUALA LUMPUR INTERNATIONAL, MY (Id=48650099999,45.0KM), WMKK (Id=WMKK,46.0KM)"
"Selangor, Malaysia",01/04/2010,31.9,23.1,27.1,,36.8,11.9,,,16.2,127.83,,9.2,90.7,80.25,"Rain, Overcast","SULTAN ABDUL AZIZ SHAH INTERNATIONAL, MY (Id=48647099999,7.5KM), WMSA (Id=WMSA,7.5KM), KUALA LUMPUR INTERNATIONAL, MY (Id=48650099999,45.0KM), WMKK (Id=WMKK,46.0KM)"
"Selangor, Malaysia",01/05/2010,32.9,25.8,27.9,,40.5,0,,,14.6,120.04,,9.6,89,78.39,Overcast,"SULTAN ABDUL AZIZ SHAH INTERNATIONAL, MY (Id=48647099999,7.5KM), WMSA (Id=WMSA,7.5KM), KUALA LUMPUR INTERNATIONAL, MY (Id=48650099999,45.0KM), WMKK (Id=WMKK,46.0KM)"
"Selangor, Malaysia",01/06/2010,33.8,25,29.3,,40.2,0,,,12.9,140.71,,10.1,89,73,Overcast,"SULTAN ABDUL AZIZ SHAH INTERNATIONAL, MY (Id=48647099999,7.5KM), WMSA (Id=WMSA,7.5KM), KUALA LUMPUR INTERNATIONAL, MY (Id=48650099999,45.0KM), WMKK (Id=WMKK,46.0KM)"
"Selangor, Malaysia",01/07/2010,32.9,23.1,27.8,,37,27.7,,,21.8,152.71,,9.2,89.7,76.63,"Rain, Overcast","SULTAN ABDUL AZIZ SHAH INTERNATIONAL, MY (Id=48647099999,7.5KM), WMSA (Id=WMSA,7.5KM), KUALA LUMPUR INTERNATIONAL, MY (Id=48650099999,45.0KM), WMKK (Id=WMKK,46.0KM)"
"Selangor, Malaysia",01/08/2010,30.9,23,26.5,,36.5,15.5,,,18,202.88,37.1,8.7,91.2,82.96,"Rain, Overcast","SULTAN ABDUL AZIZ SHAH INTERNATIONAL, MY (Id=48647099999,7.5KM), WMSA (Id=WMSA,7.5KM), KUALA LUMPUR INTERNATIONAL, MY (Id=48650099999,45.0KM), WMKK (Id=WMKK,46.0KM)"
"Selangor, Malaysia",01/09/2010,32.9,23,26.9,,37,2,,,11,143.5,,8.1,90.8,79.47,"Rain, Overcast","SULTAN ABDUL AZIZ SHAH INTERNATIONAL, MY (Id=48647099999,7.5KM), WMSA (Id=WMSA,7.5KM), KUALA LUMPUR INTERNATIONAL, MY (Id=48650099999,45.0KM), WMKK (Id=WMKK,46.0KM)"
"Selangor, Malaysia",01/10/2010,32.8,24,27,,36.9,9.9,,,16.4,167,,8.3,89,80.22,"Rain, Overcast","SULTAN ABDUL AZIZ SHAH INTERNATIONAL, MY (Id=48647099999,7.5KM), WMSA (Id=WMSA,7.5KM), KUALA LUMPUR INTERNATIONAL, MY (Id=48650099999,45.0KM), WMKK (Id=WMKK,46.0KM)"
"Selangor, Malaysia",01/11/2010,32,24.8,27.1,,37.9,0,,,16.3,115.46,,7.7,89,79.24,Overcast,"SULTAN ABDUL AZIZ SHAH INTERNATIONAL, MY (Id=48647099999,7.5KM), WMSA (Id=WMSA,7.5KM), KUALA LUMPUR INTERNATIONAL, MY (Id=48650099999,45.0KM), WMKK (Id=WMKK,46.0KM)"
"Selangor, Malaysia",01/12/2010,32.8,23.8,26.6,,36.6,22.1,,,18.3,129.5,,8.7,89.5,78.12,"Rain, Overcast","SULTAN ABDUL AZIZ SHAH INTERNATIONAL, MY (Id=48647099999,7.5KM), WMSA (Id=WMSA,7.5KM), KUALA LUMPUR INTERNATIONAL, MY (Id=48650099999,45.0KM), WMKK (Id=WMKK,46.0KM)"
"Selangor, Malaysia",01/13/2010,32,24,27.2,,36.7,0,,,9.5,129.96,,9.1,89,80.42,Overcast,"SULTAN ABDUL AZIZ SHAH INTERNATIONAL, MY (Id=48647099999,7.5KM), WMSA (Id=WMSA,7.5KM), KUALA LUMPUR INTERNATIONAL, MY (Id=48650099999,45.0KM), WMKK (Id=WMKK,46.0KM)"
"Selangor, Malaysia",01/14/2010,32,24,27.5,,35.9,0,,,13,115.83,,9.9,89,78.44,Overcast,"SULTAN ABDUL AZIZ SHAH INTERNATIONAL, MY (Id=48647099999,7.5KM), WMSA (Id=WMSA,7.5KM), KUALA LUMPUR INTERNATIONAL, MY (Id=48650099999,45.0KM), WMKK (Id=WMKK,46.0KM)"
"Selangor, Malaysia",01/15/2010,32,23.1,27.5,,36.7,0,,,5.6,144.83,,9,89,78.47,Overcast,"SULTAN ABDUL AZIZ SHAH INTERNATIONAL, MY (Id=48647099999,7.5KM), WMSA (Id=WMSA,7.5KM), KUALA LUMPUR INTERNATIONAL, MY (Id=48650099999,45.0KM), WMKK (Id=WMKK,46.0KM)"
"Selangor, Malaysia",01/16/2010,32.9,24,28,,38,0.5,,,18.1,130,,9.2,89,78.98,"Rain, Overcast","SULTAN ABDUL AZIZ SHAH INTERNATIONAL, MY (Id=48647099999,7.5KM), WMSA (Id=WMSA,7.5KM), KUALA LUMPUR INTERNATIONAL, MY (Id=48650099999,45.0KM), WMKK (Id=WMKK,46.0KM)"
"Selangor, Malaysia",01/17/2010,32.9,24,28,,38.6,0,,,12.8,148.42,,9.4,89,76.1,Overcast,"SULTAN ABDUL AZIZ SHAH INTERNATIONAL, MY (Id=48647099999,7.5KM), WMSA (Id=WMSA,7.5KM), KUALA LUMPUR INTERNATIONAL, MY (Id=48650099999,45.0KM), WMKK (Id=WMKK,46.0KM)"
"Selangor, Malaysia",01/18/2010,31.9,25,27.8,,36.7,0,,,16.2,187.42,,8.8,89.5,77.22,Overcast,"SULTAN ABDUL AZIZ SHAH INTERNATIONAL, MY (Id=48647099999,7.5KM), WMSA (Id=WMSA,7.5KM), KUALA LUMPUR INTERNATIONAL, MY (Id=48650099999,45.0KM), WMKK (Id=WMKK,46.0KM)"
"Selangor, Malaysia",01/19/2010,32.9,24.9,27.7,,40.5,2.5,,,12.9,177.25,,8.4,89.5,82.55,"Rain, Overcast","SULTAN ABDUL AZIZ SHAH INTERNATIONAL, MY (Id=48647099999,7.5KM), WMSA (Id=WMSA,7.5KM), KUALA LUMPUR INTERNATIONAL, MY (Id=48650099999,45.0KM), WMKK (Id=WMKK,46.0KM)"
"Selangor, Malaysia",01/20/2010,31.9,25,28.2,,39,0.5,,,11,243.83,,7.8,89,79.49,"Rain, Overcast","SULTAN ABDUL AZIZ SHAH INTERNATIONAL, MY (Id=48647099999,7.5KM), WMSA (Id=WMSA,7.5KM), KUALA LUMPUR INTERNATIONAL, MY (Id=48650099999,45.0KM), WMKK (Id=WMKK,46.0KM)"
"Selangor, Malaysia",01/21/2010,31,25,27.8,,37.7,0,,,12.8,142.54,,8.9,90.3,82.28,Overcast,"SULTAN ABDUL AZIZ SHAH INTERNATIONAL, MY (Id=48647099999,7.5KM), WMSA (Id=WMSA,7.5KM), KUALA LUMPUR INTERNATIONAL, MY (Id=48650099999,45.0KM), WMKK (Id=WMKK,46.0KM)"
"Selangor, Malaysia",01/22/2010,33,24.9,27.6,,39.3,14,,,14.7,160.04,,6.6,89.9,82.67,"Rain, Overcast","SULTAN ABDUL AZIZ SHAH INTERNATIONAL, MY (Id=48647099999,7.5KM), WMSA (Id=WMSA,7.5KM), KUALA LUMPUR INTERNATIONAL, MY (Id=48650099999,45.0KM), WMKK (Id=WMKK,46.0KM)"
"Selangor, Malaysia",01/23/2010,34,24,27.7,,39.4,2.5,,,12.9,141.25,,9.4,89.9,81.35,"Rain, Overcast","SULTAN ABDUL AZIZ SHAH INTERNATIONAL, MY (Id=48647099999,7.5KM), WMSA (Id=WMSA,7.5KM), KUALA LUMPUR INTERNATIONAL, MY (Id=48650099999,45.0KM), WMKK (Id=WMKK,46.0KM)"
"Selangor, Malaysia",01/24/2010,33.8,24,27.4,,40.5,23.1,,,12.9,233.13,,9.3,89,82.75,"Rain, Overcast","SULTAN ABDUL AZIZ SHAH INTERNATIONAL, MY (Id=48647099999,7.5KM), WMSA (Id=WMSA,7.5KM), KUALA LUMPUR INTERNATIONAL, MY (Id=48650099999,45.0KM), WMKK (Id=WMKK,46.0KM)"
"Selangor, Malaysia",01/25/2010,33,24.8,27.6,,39.2,2,,,17.9,121.96,,7.6,89,79.64,"Rain, Overcast","SULTAN ABDUL AZIZ SHAH INTERNATIONAL, MY (Id=48647099999,7.5KM), WMSA (Id=WMSA,7.5KM), KUALA LUMPUR INTERNATIONAL, MY (Id=48650099999,45.0KM), WMKK (Id=WMKK,46.0KM)"
"Selangor, Malaysia",01/26/2010,32,24,26.8,,36.8,0,,,12.8,199.54,,7.1,89,83.37,Overcast,"SULTAN ABDUL AZIZ SHAH INTERNATIONAL, MY (Id=48647099999,7.5KM), WMSA (Id=WMSA,7.5KM), KUALA LUMPUR INTERNATIONAL, MY (Id=48650099999,45.0KM), WMKK (Id=WMKK,46.0KM)"
"Selangor, Malaysia",01/27/2010,33.8,23,27.6,,39.9,11.9,,,16.3,191.88,,9.8,89.4,82.08,"Rain, Overcast","SULTAN ABDUL AZIZ SHAH INTERNATIONAL, MY (Id=48647099999,7.5KM), WMSA (Id=WMSA,7.5KM), KUALA LUMPUR INTERNATIONAL, MY (Id=48650099999,45.0KM), WMKK (Id=WMKK,46.0KM)"
"Selangor, Malaysia",01/28/2010,33,24,28.2,,39.3,0,,,12.8,160.63,,9.6,89,77.12,Overcast,"SULTAN ABDUL AZIZ SHAH INTERNATIONAL, MY (Id=48647099999,7.5KM), WMSA (Id=WMSA,7.5KM), KUALA LUMPUR INTERNATIONAL, MY (Id=48650099999,45.0KM), WMKK (Id=WMKK,46.0KM)"
"Selangor, Malaysia",01/29/2010,33.1,24.9,27.4,,39.2,5.1,,,18.1,195.54,,9,89.9,83.61,"Rain, Overcast","SULTAN ABDUL AZIZ SHAH INTERNATIONAL, MY (Id=48647099999,7.5KM), WMSA (Id=WMSA,7.5KM), KUALA LUMPUR INTERNATIONAL, MY (Id=48650099999,45.0KM), WMKK (Id=WMKK,46.0KM)"
"Selangor, Malaysia",01/30/2010,34,24,27.9,,42,0.5,,,14.6,177.46,,7.7,89.9,80.69,"Rain, Overcast","SULTAN ABDUL AZIZ SHAH INTERNATIONAL, MY (Id=48647099999,7.5KM), WMSA (Id=WMSA,7.5KM), KUALA LUMPUR INTERNATIONAL, MY (Id=48650099999,45.0KM), WMKK (Id=WMKK,46.0KM)"
"Selangor, Malaysia",01/31/2010,33,25,27.3,,39.2,26.9,,,14.4,155.29,,8,89,84.48,"Rain, Overcast","SULTAN ABDUL AZIZ SHAH INTERNATIONAL, MY (Id=48647099999,7.5KM), WMSA (Id=WMSA,7.5KM), KUALA LUMPUR INTERNATIONAL, MY (Id=48650099999,45.0KM), WMKK (Id=WMKK,46.0KM)"
"Selangor, Malaysia",02/01/2010,34,24,28.2,,40.6,0,,,16.3,155.92,,9.1,89,79.08,Overcast,"SULTAN ABDUL AZIZ SHAH INTERNATIONAL, MY (Id=48647099999,7.5KM), WMSA (Id=WMSA,7.5KM), KUALA LUMPUR INTERNATIONAL, MY (Id=48650099999,45.0KM), WMKK (Id=WMKK,46.0KM)"
"Selangor, Malaysia",02/02/2010,33.1,25,28.9,,40.5,0,,,14.6,128.08,,9.2,89,76.12,Overcast,"SULTAN ABDUL AZIZ SHAH INTERNATIONAL, MY (Id=48647099999,7.5KM), WMSA (Id=WMSA,7.5KM), KUALA LUMPUR INTERNATIONAL, MY (Id=48650099999,45.0KM), WMKK (Id=WMKK,46.0KM)"
"Selangor, Malaysia",02/03/2010,34,25.7,28.4,,42,9.9,,,18.2,160.42,,7.4,89.9,79.64,"Rain, Overcast","SULTAN ABDUL AZIZ SHAH INTERNATIONAL, MY (Id=48647099999,7.5KM), WMSA (Id=WMSA,7.5KM), KUALA LUMPUR INTERNATIONAL, MY (Id=48650099999,45.0KM), WMKK (Id=WMKK,46.0KM)"
"Selangor, Malaysia",02/04/2010,34.9,25,27.7,,41.6,14,,,20.2,210.04,37.1,7.7,89.9,81.2,"Rain, Overcast","SULTAN ABDUL AZIZ SHAH INTERNATIONAL, MY (Id=48647099999,7.5KM), WMSA (Id=WMSA,7.5KM), KUALA LUMPUR INTERNATIONAL, MY (Id=48650099999,45.0KM), WMKK (Id=WMKK,46.0KM)"
"Selangor, Malaysia",02/05/2010,32,24.8,27,,40.5,7.9,,,14.6,130.08,,8.7,89,86.83,"Rain, Overcast","SULTAN ABDUL AZIZ SHAH INTERNATIONAL, MY (Id=48647099999,7.5KM), WMSA (Id=WMSA,7.5KM), KUALA LUMPUR INTERNATIONAL, MY (Id=48650099999,45.0KM), WMKK (Id=WMKK,46.0KM)"
"Selangor, Malaysia",02/06/2010,32.9,24.8,28.1,,39.3,0.5,,,14.6,129.33,,9.4,89,81.55,"Rain, Overcast","SULTAN ABDUL AZIZ SHAH INTERNATIONAL, MY (Id=48647099999,7.5KM), WMSA (Id=WMSA,7.5KM), KUALA LUMPUR INTERNATIONAL, MY (Id=48650099999,45.0KM), WMKK (Id=WMKK,46.0KM)"
"Selangor, Malaysia",02/07/2010,33,24.9,27.9,,40.6,2,,,18.1,120.83,,8.9,89,83.03,"Rain, Overcast","SULTAN ABDUL AZIZ SHAH INTERNATIONAL, MY (Id=48647099999,7.5KM), WMSA (Id=WMSA,7.5KM), KUALA LUMPUR INTERNATIONAL, MY (Id=48650099999,45.0KM), WMKK (Id=WMKK,46.0KM)"
"Selangor, Malaysia",02/08/2010,34.1,25.9,28.3,,39.4,0.8,,,16.4,142.96,,8.7,89,79.89,"Rain, Overcast","SULTAN ABDUL AZIZ SHAH INTERNATIONAL, MY (Id=48647099999,7.5KM), WMSA (Id=WMSA,7.5KM), KUALA LUMPUR INTERNATIONAL, MY (Id=48650099999,45.0KM), WMKK (Id=WMKK,46.0KM)"
"Selangor, Malaysia",02/09/2010,35,25,28.7,,41.9,35.1,,,14.7,136.25,,8.6,89,77.91,"Rain, Overcast","SULTAN ABDUL AZIZ SHAH INTERNATIONAL, MY (Id=48647099999,7.5KM), WMSA (Id=WMSA,7.5KM), KUALA LUMPUR INTERNATIONAL, MY (Id=48650099999,45.0KM), WMKK (Id=WMKK,46.0KM)"
"Selangor, Malaysia",02/10/2010,34,25,28.4,,42,7.1,,,11.1,171.54,,7.7,89,81.76,"Rain, Overcast","SULTAN ABDUL AZIZ SHAH INTERNATIONAL, MY (Id=48647099999,7.5KM), WMSA (Id=WMSA,7.5KM), KUALA LUMPUR INTERNATIONAL, MY (Id=48650099999,45.0KM), WMKK (Id=WMKK,46.0KM)"
"Selangor, Malaysia",02/11/2010,34.9,25,29,,41.9,11.9,,,14.5,125.5,,8.1,89,78.08,"Rain, Overcast","SULTAN ABDUL AZIZ SHAH INTERNATIONAL, MY (Id=48647099999,7.5KM), WMSA (Id=WMSA,7.5KM), KUALA LUMPUR INTERNATIONAL, MY (Id=48650099999,45.0KM), WMKK (Id=WMKK,46.0KM)"
"Selangor, Malaysia",02/12/2010,34,24.9,27.6,,41.9,25.9,,,20.2,254.63,42.5,9.1,89,81.72,"Rain, Overcast","SULTAN ABDUL AZIZ SHAH INTERNATIONAL, MY (Id=48647099999,7.5KM), WMSA (Id=WMSA,7.5KM), KUALA LUMPUR INTERNATIONAL, MY (Id=48650099999,45.0KM), WMKK (Id=WMKK,46.0KM)"
"Selangor, Malaysia",02/13/2010,34,25,28.4,,40.6,0,,,14.6,98.04,,8.6,89,79.33,Overcast,"SULTAN ABDUL AZIZ SHAH INTERNATIONAL, MY (Id=48647099999,7.5KM), WMSA (Id=WMSA,7.5KM), KUALA LUMPUR INTERNATIONAL, MY (Id=48650099999,45.0KM), WMKK (Id=WMKK,46.0KM)"
"Selangor, Malaysia",02/14/2010,35,25,28.7,,39.2,0,,,16.4,113.5,,8.8,89,76.39,Overcast,"SULTAN ABDUL AZIZ SHAH INTERNATIONAL, MY (Id=48647099999,7.5KM), WMSA (Id=WMSA,7.5KM), KUALA LUMPUR INTERNATIONAL, MY (Id=48650099999,45.0KM), WMKK (Id=WMKK,46.0KM)"
"Selangor, Malaysia",02/15/2010,33.8,25,28.5,,39.1,0,,,14.6,158.04,,8.4,89,78.87,Overcast,"SULTAN ABDUL AZIZ SHAH INTERNATIONAL, MY (Id=48647099999,7.5KM), WMSA (Id=WMSA,7.5KM), KUALA LUMPUR INTERNATIONAL, MY (Id=48650099999,45.0KM), WMKK (Id=WMKK,46.0KM)"
"Selangor, Malaysia",02/16/2010,34,26,28.4,,42.1,18,,,28.9,92.75,,9.7,89,79.3,"Rain, Overcast","SULTAN ABDUL AZIZ SHAH INTERNATIONAL, MY (Id=48647099999,7.5KM), WMSA (Id=WMSA,7.5KM), KUALA LUMPUR INTERNATIONAL, MY (Id=48650099999,45.0KM), WMKK (Id=WMKK,46.0KM)"
"Selangor, Malaysia",02/17/2010,31,24.8,26.8,,36.6,45,,,16.2,197.46,42.5,7.3,89.5,86.89,"Rain, Overcast","SULTAN ABDUL AZIZ SHAH INTERNATIONAL, MY (Id=48647099999,7.5KM), WMSA (Id=WMSA,7.5KM), KUALA LUMPUR INTERNATIONAL, MY (Id=48650099999,45.0KM), WMKK (Id=WMKK,46.0KM)"
"Selangor, Malaysia",02/18/2010,33.9,24,27.5,,40.5,9.9,,,9.2,163.33,,8.3,89,83.68,"Rain, Overcast","SULTAN ABDUL AZIZ SHAH INTERNATIONAL, MY (Id=48647099999,7.5KM), WMSA (Id=WMSA,7.5KM), KUALA LUMPUR INTERNATIONAL, MY (Id=48650099999,45.0KM), WMKK (Id=WMKK,46.0KM)"
"Selangor, Malaysia",02/19/2010,34.1,23.8,28.3,,38.3,0,,,12.9,125.42,,9.3,89,71.26,Overcast,"SULTAN ABDUL AZIZ SHAH INTERNATIONAL, MY (Id=48647099999,7.5KM), WMSA (Id=WMSA,7.5KM), KUALA LUMPUR INTERNATIONAL, MY (Id=48650099999,45.0KM), WMKK (Id=WMKK,46.0KM)"
"Selangor, Malaysia",02/20/2010,34.7,23,28,,39.2,1,,,18,256.04,,9.1,89,74.17,"Rain, Overcast","SULTAN ABDUL AZIZ SHAH INTERNATIONAL, MY (Id=48647099999,7.5KM), WMSA (Id=WMSA,7.5KM), KUALA LUMPUR INTERNATIONAL, MY (Id=48650099999,45.0KM), WMKK (Id=WMKK,46.0KM)"
"Selangor, Malaysia",02/21/2010,33.2,25,28.1,,38,0,,,20.3,171.13,,9.8,89,77.39,Overcast,"SULTAN ABDUL AZIZ SHAH INTERNATIONAL, MY (Id=48647099999,7.5KM), WMSA (Id=WMSA,7.5KM), KUALA LUMPUR INTERNATIONAL, MY (Id=48650099999,45.0KM), WMKK (Id=WMKK,46.0KM)"
"Selangor, Malaysia",02/22/2010,34,25,28.8,,41.9,0,,,14.5,151.54,,8.9,89,74.42,Overcast,"SULTAN ABDUL AZIZ SHAH INTERNATIONAL, MY (Id=48647099999,7.5KM), WMSA (Id=WMSA,7.5KM), KUALA LUMPUR INTERNATIONAL, MY (Id=48650099999,45.0KM), WMKK (Id=WMKK,46.0KM)"
"Selangor, Malaysia",02/23/2010,33.1,24.2,28.6,,42.1,25.9,,,14.6,145.96,,7.8,89.5,79.37,"Rain, Overcast","SULTAN ABDUL AZIZ SHAH INTERNATIONAL, MY (Id=48647099999,7.5KM), WMSA (Id=WMSA,7.5KM), KUALA LUMPUR INTERNATIONAL, MY (Id=48650099999,45.0KM), WMKK (Id=WMKK,46.0KM)"
"Selangor, Malaysia",02/24/2010,33.8,24.8,28.6,,41.4,0,,,16.3,214.96,29.5,8.5,89.1,77.11,Overcast,"SULTAN ABDUL AZIZ SHAH INTERNATIONAL, MY (Id=48647099999,7.5KM), WMSA (Id=WMSA,7.5KM), KUALA LUMPUR INTERNATIONAL, MY (Id=48650099999,45.0KM), WMKK (Id=WMKK,46.0KM)"
"Selangor, Malaysia",02/25/2010,32,26,28.9,,39.3,0,,,14.5,197.63,,8.8,89,79.4,Overcast,"SULTAN ABDUL AZIZ SHAH INTERNATIONAL, MY (Id=48647099999,7.5KM), WMSA (Id=WMSA,7.5KM), KUALA LUMPUR INTERNATIONAL, MY (Id=48650099999,45.0KM), WMKK (Id=WMKK,46.0KM)"
"Selangor, Malaysia",02/26/2010,33.9,24,27.9,,42,72.9,,,14.6,168.83,,8.5,90.3,83.71,"Rain, Overcast","SULTAN ABDUL AZIZ SHAH INTERNATIONAL, MY (Id=48647099999,7.5KM), WMSA (Id=WMSA,7.5KM), KUALA LUMPUR INTERNATIONAL, MY (Id=48650099999,45.0KM), WMKK (Id=WMKK,46.0KM)"
"Selangor, Malaysia",02/27/2010,33,25,28.3,,42.1,1,,,16.4,161.88,,8.2,89.9,84.95,"Rain, Overcast","SULTAN ABDUL AZIZ SHAH INTERNATIONAL, MY (Id=48647099999,7.5KM), WMSA (Id=WMSA,7.5KM), KUALA LUMPUR INTERNATIONAL, MY (Id=48650099999,45.0KM), WMKK (Id=WMKK,46.0KM)"
"Selangor, Malaysia",02/28/2010,34.9,26,28.9,,42.7,0,,,18.1,154.88,,7.1,89,80.04,Overcast,"SULTAN ABDUL AZIZ SHAH INTERNATIONAL, MY (Id=48647099999,7.5KM), WMSA (Id=WMSA,7.5KM), KUALA LUMPUR INTERNATIONAL, MY (Id=48650099999,45.0KM), WMKK (Id=WMKK,46.0KM)"
"Selangor, Malaysia",03/01/2010,34,26,28.6,,43.5,0.5,,,16.3,124.71,,6.4,89,80.16,"Rain, Overcast","SULTAN ABDUL AZIZ SHAH INTERNATIONAL, MY (Id=48647099999,7.5KM), WMSA (Id=WMSA,7.5KM), KUALA LUMPUR INTERNATIONAL, MY (Id=48650099999,45.0KM), WMKK (Id=WMKK,46.0KM)"
"Selangor, Malaysia",03/02/2010,33,25,28.6,,40.6,0,,,11,165.5,,9.1,89,79.86,Overcast,"SULTAN ABDUL AZIZ SHAH INTERNATIONAL, MY (Id=48647099999,7.5KM), WMSA (Id=WMSA,7.5KM), KUALA LUMPUR INTERNATIONAL, MY (Id=48650099999,45.0KM), WMKK (Id=WMKK,46.0KM)"
"Selangor, Malaysia",03/03/2010,33.9,25.9,28.8,,42,0,,,20.1,108.63,27.7,8.5,89.4,79.62,Overcast,"SULTAN ABDUL AZIZ SHAH INTERNATIONAL, MY (Id=48647099999,7.5KM), WMSA (Id=WMSA,7.5KM), KUALA LUMPUR INTERNATIONAL, MY (Id=48650099999,45.0KM), WMKK (Id=WMKK,46.0KM)"
"Selangor, Malaysia",03/04/2010,35.9,25,29.6,,43.3,0,,,20.1,195.54,,9.3,87.7,75.79,Overcast,"SULTAN ABDUL AZIZ SHAH INTERNATIONAL, MY (Id=48647099999,7.5KM), WMSA (Id=WMSA,7.5KM), KUALA LUMPUR INTERNATIONAL, MY (Id=48650099999,45.0KM), WMKK (Id=WMKK,46.0KM)"
"Selangor, Malaysia",03/05/2010,34.9,25,28.7,,43.3,5.1,,,16.5,171.25,35.3,8.6,89,80.7,"Rain, Overcast","SULTAN ABDUL AZIZ SHAH INTERNATIONAL, MY (Id=48647099999,7.5KM), WMSA (Id=WMSA,7.5KM), KUALA LUMPUR INTERNATIONAL, MY (Id=48650099999,45.0KM), WMKK (Id=WMKK,46.0KM)"
"Selangor, Malaysia",03/06/2010,35,24.9,28.6,,43.3,4.8,,,18.2,165.63,27.7,8.5,89.5,82.15,"Rain, Overcast","SULTAN ABDUL AZIZ SHAH INTERNATIONAL, MY (Id=48647099999,7.5KM), WMSA (Id=WMSA,7.5KM), KUALA LUMPUR INTERNATIONAL, MY (Id=48650099999,45.0KM), WMKK (Id=WMKK,46.0KM)"
"Selangor, Malaysia",03/07/2010,33.9,27,29.5,,41.9,0,,,18.2,214.79,,8.6,89,78.29,Overcast,"SULTAN ABDUL AZIZ SHAH INTERNATIONAL, MY (Id=48647099999,7.5KM), WMSA (Id=WMSA,7.5KM), KUALA LUMPUR INTERNATIONAL, MY (Id=48650099999,45.0KM), WMKK (Id=WMKK,46.0KM)"
"Selangor, Malaysia",03/08/2010,33,26,28.6,,40.6,2,,,14.6,175.71,31.3,9,89,80.4,"Rain, Overcast","SULTAN ABDUL AZIZ SHAH INTERNATIONAL, MY (Id=48647099999,7.5KM), WMSA (Id=WMSA,7.5KM), KUALA LUMPUR INTERNATIONAL, MY (Id=48650099999,45.0KM), WMKK (Id=WMKK,46.0KM)"
"Selangor, Malaysia",03/09/2010,34,25.9,28.5,,40.6,7.1,,,14.6,137.21,,8.3,89,80.52,"Rain, Overcast","SULTAN ABDUL AZIZ SHAH INTERNATIONAL, MY (Id=48647099999,7.5KM), WMSA (Id=WMSA,7.5KM), KUALA LUMPUR INTERNATIONAL, MY (Id=48650099999,45.0KM), WMKK (Id=WMKK,46.0KM)"
"Selangor, Malaysia",03/10/2010,34,25,28.3,,40.5,10.9,,,11,165.75,,8.6,89,78.82,"Rain, Overcast","SULTAN ABDUL AZIZ SHAH INTERNATIONAL, MY (Id=48647099999,7.5KM), WMSA (Id=WMSA,7.5KM), KUALA LUMPUR INTERNATIONAL, MY (Id=48650099999,45.0KM), WMKK (Id=WMKK,46.0KM)"
"Selangor, Malaysia",03/11/2010,33.9,23.1,27.9,,38.3,0,,,11.1,98.21,27.7,8.9,89,73.35,Overcast,"SULTAN ABDUL AZIZ SHAH INTERNATIONAL, MY (Id=48647099999,7.5KM), WMSA (Id=WMSA,7.5KM), KUALA LUMPUR INTERNATIONAL, MY (Id=48650099999,45.0KM), WMKK (Id=WMKK,46.0KM)"
"Selangor, Malaysia",03/12/2010,34.9,25,28.1,,39.4,25.9,,,14.7,154.42,,8.3,89.5,76.54,"Rain, Overcast","SULTAN ABDUL AZIZ SHAH INTERNATIONAL, MY (Id=48647099999,7.5KM), WMSA (Id=WMSA,7.5KM), KUALA LUMPUR INTERNATIONAL, MY (Id=48650099999,45.0KM), WMKK (Id=WMKK,46.0KM)"
"Selangor, Malaysia",03/13/2010,32,24.9,27.5,,39.2,8.9,,,14.6,204.08,24.1,9.4,89,83.69,"Rain, Overcast","SULTAN ABDUL AZIZ SHAH INTERNATIONAL, MY (Id=48647099999,7.5KM), WMSA (Id=WMSA,7.5KM), KUALA LUMPUR INTERNATIONAL, MY (Id=48650099999,45.0KM), WMKK (Id=WMKK,46.0KM)"
"Selangor, Malaysia",03/14/2010,34,24,27.8,,42.7,7.1,,,16.4,263.29,,9.5,89.5,81.46,"Rain, Overcast","SULTAN ABDUL AZIZ SHAH INTERNATIONAL, MY (Id=48647099999,7.5KM), WMSA (Id=WMSA,7.5KM), KUALA LUMPUR INTERNATIONAL, MY (Id=48650099999,45.0KM), WMKK (Id=WMKK,46.0KM)"
"Selangor, Malaysia",03/15/2010,32.8,24.9,27.7,,39.2,9.9,,,23.8,194.21,,9.5,89.7,82.62,"Rain, Overcast","SULTAN ABDUL AZIZ SHAH INTERNATIONAL, MY (Id=48647099999,7.5KM), WMSA (Id=WMSA,7.5KM), KUALA LUMPUR INTERNATIONAL, MY (Id=48650099999,45.0KM), WMKK (Id=WMKK,46.0KM)"
"Selangor, Malaysia",03/16/2010,33,26,29.2,,40.6,0,,,14.6,206.63,,9.4,89,78.45,Overcast,"SULTAN ABDUL AZIZ SHAH INTERNATIONAL, MY (Id=48647099999,7.5KM), WMSA (Id=WMSA,7.5KM), KUALA LUMPUR INTERNATIONAL, MY (Id=48650099999,45.0KM), WMKK (Id=WMKK,46.0KM)"
"Selangor, Malaysia",03/17/2010,34.9,25.8,29,,38.6,0,,,18.2,213.67,,9.7,89,71.89,Overcast,"SULTAN ABDUL AZIZ SHAH INTERNATIONAL, MY (Id=48647099999,7.5KM), WMSA (Id=WMSA,7.5KM), KUALA LUMPUR INTERNATIONAL, MY (Id=48650099999,45.0KM), WMKK (Id=WMKK,46.0KM)"
"Selangor, Malaysia",03/18/2010,34,24,28.9,,37.3,0,,,13,181.33,,9.5,89,69.53,Overcast,"SULTAN ABDUL AZIZ SHAH INTERNATIONAL, MY (Id=48647099999,7.5KM), WMSA (Id=WMSA,7.5KM), KUALA LUMPUR INTERNATIONAL, MY (Id=48650099999,45.0KM), WMKK (Id=WMKK,46.0KM)"
"Selangor, Malaysia",03/19/2010,33.1,25,28.2,,38.1,0,,,12.9,285.38,,9.1,89.5,77.39,Overcast,"SULTAN ABDUL AZIZ SHAH INTERNATIONAL, MY (Id=48647099999,7.5KM), WMSA (Id=WMSA,7.5KM), KUALA LUMPUR INTERNATIONAL, MY (Id=48650099999,45.0KM), WMKK (Id=WMKK,46.0KM)"
"Selangor, Malaysia",03/20/2010,33,25,28,,38.9,3,,,14.6,144.21,,9.3,89.5,79.1,"Rain, Overcast","SULTAN ABDUL AZIZ SHAH INTERNATIONAL, MY (Id=48647099999,7.5KM), WMSA (Id=WMSA,7.5KM), KUALA LUMPUR INTERNATIONAL, MY (Id=48650099999,45.0KM), WMKK (Id=WMKK,46.0KM)"
"Selangor, Malaysia",03/21/2010,33.9,24.2,27.4,,40.6,73.7,,,20.3,164.75,,7.5,93,83.65,"Rain, Overcast","SULTAN ABDUL AZIZ SHAH INTERNATIONAL, MY (Id=48647099999,7.5KM), WMSA (Id=WMSA,7.5KM), KUALA LUMPUR INTERNATIONAL, MY (Id=48650099999,45.0KM), WMKK (Id=WMKK,46.0KM)"
"Selangor, Malaysia",03/22/2010,34.9,24,27.1,,44.8,67.8,,,27.1,164.33,61.2,8.4,90.2,85.41,"Rain, Overcast","SULTAN ABDUL AZIZ SHAH INTERNATIONAL, MY (Id=48647099999,7.5KM), WMSA (Id=WMSA,7.5KM), KUALA LUMPUR INTERNATIONAL, MY (Id=48650099999,45.0KM), WMKK (Id=WMKK,46.0KM)"
"Selangor, Malaysia",03/23/2010,31.9,25,28,,42.1,2,,,16.3,193.46,,9.4,89,83.2,"Rain, Overcast","SULTAN ABDUL AZIZ SHAH INTERNATIONAL, MY (Id=48647099999,7.5KM), WMSA (Id=WMSA,7.5KM), KUALA LUMPUR INTERNATIONAL, MY (Id=48650099999,45.0KM), WMKK (Id=WMKK,46.0KM)"
"Selangor, Malaysia",03/24/2010,35,25,29.9,,44.8,0,,,14.6,149.38,,9.7,89,75.9,Overcast,"SULTAN ABDUL AZIZ SHAH INTERNATIONAL, MY (Id=48647099999,7.5KM), WMSA (Id=WMSA,7.5KM), KUALA LUMPUR INTERNATIONAL, MY (Id=48650099999,45.0KM), WMKK (Id=WMKK,46.0KM)"
"Selangor, Malaysia",03/25/2010,35.9,25.9,29.1,,48.6,8.9,,,16.5,141.17,37.1,8.5,89.5,80.25,"Rain, Overcast","SULTAN ABDUL AZIZ SHAH INTERNATIONAL, MY (Id=48647099999,7.5KM), WMSA (Id=WMSA,7.5KM), KUALA LUMPUR INTERNATIONAL, MY (Id=48650099999,45.0KM), WMKK (Id=WMKK,46.0KM)"
"Selangor, Malaysia",03/26/2010,34.9,25,28.7,,44.8,3,,,23.6,185.58,,9.1,89.9,82.36,"Rain, Overcast","SULTAN ABDUL AZIZ SHAH INTERNATIONAL, MY (Id=48647099999,7.5KM), WMSA (Id=WMSA,7.5KM), KUALA LUMPUR INTERNATIONAL, MY (Id=48650099999,45.0KM), WMKK (Id=WMKK,46.0KM)"
"Selangor, Malaysia",03/27/2010,35,25,29.3,,41.8,4.1,,,12.8,82.96,,9.9,89,76.93,"Rain, Overcast","SULTAN ABDUL AZIZ SHAH INTERNATIONAL, MY (Id=48647099999,7.5KM), WMSA (Id=WMSA,7.5KM), KUALA LUMPUR INTERNATIONAL, MY (Id=48650099999,45.0KM), WMKK (Id=WMKK,46.0KM)"
"Selangor, Malaysia",03/28/2010,34,25,28.9,,43.6,0,,,16.1,181.46,,9.2,89,79.64,Overcast,"SULTAN ABDUL AZIZ SHAH INTERNATIONAL, MY (Id=48647099999,7.5KM), WMSA (Id=WMSA,7.5KM), KUALA LUMPUR INTERNATIONAL, MY (Id=48650099999,45.0KM), WMKK (Id=WMKK,46.0KM)"
"Selangor, Malaysia",03/29/2010,33,25,27.5,,41.8,0.3,,,16.5,203.58,,8.9,89,84.19,"Rain, Overcast","SULTAN ABDUL AZIZ SHAH INTERNATIONAL, MY (Id=48647099999,7.5KM), WMSA (Id=WMSA,7.5KM), KUALA LUMPUR INTERNATIONAL, MY (Id=48650099999,45.0KM), WMKK (Id=WMKK,46.0KM)"
"Selangor, Malaysia",03/30/2010,32.9,25.9,27.8,,42,1,,,14.5,98.29,,8,89.9,83.78,"Rain, Overcast","SULTAN ABDUL AZIZ SHAH INTERNATIONAL, MY (Id=48647099999,7.5KM), WMSA (Id=WMSA,7.5KM), KUALA LUMPUR INTERNATIONAL, MY (Id=48650099999,45.0KM), WMKK (Id=WMKK,46.0KM)"
"Selangor, Malaysia",03/31/2010,33,25,27.3,,40.7,0.5,,,14.6,108.58,,8.7,89,84.94,"Rain, Overcast","SULTAN ABDUL AZIZ SHAH INTERNATIONAL, MY (Id=48647099999,7.5KM), WMSA (Id=WMSA,7.5KM), KUALA LUMPUR INTERNATIONAL, MY (Id=48650099999,45.0KM), WMKK (Id=WMKK,46.0KM)"
"Selangor, Malaysia",04/01/2010,34.8,24,27.2,,41.7,21.1,,,20.3,202.04,,8.7,89,83.47,"Rain, Overcast","SULTAN ABDUL AZIZ SHAH INTERNATIONAL, MY (Id=48647099999,7.5KM), WMSA (Id=WMSA,7.5KM), KUALA LUMPUR INTERNATIONAL, MY (Id=48650099999,45.0KM), WMKK (Id=WMKK,46.0KM)"
"Selangor, Malaysia",04/02/2010,33.9,24.8,27.7,,43.5,33,,,14.6,117.38,,8.9,89.5,85.51,"Rain, Overcast","SULTAN ABDUL AZIZ SHAH INTERNATIONAL, MY (Id=48647099999,7.5KM), WMSA (Id=WMSA,7.5KM), KUALA LUMPUR INTERNATIONAL, MY (Id=48650099999,45.0KM), WMKK (Id=WMKK,46.0KM)"
"Selangor, Malaysia",04/03/2010,34.8,25,28.6,,42.6,0,,,14.6,166.17,38.9,8.3,89,82.07,Overcast,"SULTAN ABDUL AZIZ SHAH INTERNATIONAL, MY (Id=48647099999,7.5KM), WMSA (Id=WMSA,7.5KM), KUALA LUMPUR INTERNATIONAL, MY (Id=48650099999,45.0KM), WMKK (Id=WMKK,46.0KM)"
"Selangor, Malaysia",04/04/2010,34.9,25,29.5,,43.3,0,,,16.4,208.29,,9.5,89,75.28,Overcast,"SULTAN ABDUL AZIZ SHAH INTERNATIONAL, MY (Id=48647099999,7.5KM), WMSA (Id=WMSA,7.5KM), KUALA LUMPUR INTERNATIONAL, MY (Id=48650099999,45.0KM), WMKK (Id=WMKK,46.0KM)"
"Selangor, Malaysia",04/05/2010,34.9,26.9,30.2,,41.8,2,,,14.7,181.33,,10.3,89,72.05,"Rain, Overcast","SULTAN ABDUL AZIZ SHAH INTERNATIONAL, MY (Id=48647099999,7.5KM), WMSA (Id=WMSA,7.5KM), KUALA LUMPUR INTERNATIONAL, MY (Id=48650099999,45.0KM), WMKK (Id=WMKK,46.0KM)"
"Selangor, Malaysia",04/06/2010,35.7,26,29.5,,46.7,0.5,,,20.2,120,,9.4,89,79.51,"Rain, Overcast","SULTAN ABDUL AZIZ SHAH INTERNATIONAL, MY (Id=48647099999,7.5KM), WMSA (Id=WMSA,7.5KM), KUALA LUMPUR INTERNATIONAL, MY (Id=48650099999,45.0KM), WMKK (Id=WMKK,46.0KM)"
"Selangor, Malaysia",04/07/2010,35.9,25.9,29.3,,46.6,4,,,18.1,102.75,,9.1,89,79.51,"Rain, Overcast","SULTAN ABDUL AZIZ SHAH INTERNATIONAL, MY (Id=48647099999,7.5KM), WMSA (Id=WMSA,7.5KM), KUALA LUMPUR INTERNATIONAL, MY (Id=48650099999,45.0KM), WMKK (Id=WMKK,46.0KM)"
"Selangor, Malaysia",04/08/2010,35.9,26,29.9,,44.6,5.1,,,16.4,124.08,,8.7,89,77.67,"Rain, Overcast","SULTAN ABDUL AZIZ SHAH INTERNATIONAL, MY (Id=48647099999,7.5KM), WMSA (Id=WMSA,7.5KM), KUALA LUMPUR INTERNATIONAL, MY (Id=48650099999,45.0KM), WMKK (Id=WMKK,46.0KM)"
"Selangor, Malaysia",04/09/2010,35,26.9,29.6,,46.6,0,,,18.2,177.67,,9.1,89.5,79.9,Overcast,"SULTAN ABDUL AZIZ SHAH INTERNATIONAL, MY (Id=48647099999,7.5KM), WMSA (Id=WMSA,7.5KM), KUALA LUMPUR INTERNATIONAL, MY (Id=48650099999,45.0KM), WMKK (Id=WMKK,46.0KM)"
"Selangor, Malaysia",04/10/2010,32.9,23.1,27.9,,42,72.4,,,12.8,189.29,,8.3,91.2,84.45,"Rain, Overcast","SULTAN ABDUL AZIZ SHAH INTERNATIONAL, MY (Id=48647099999,7.5KM), WMSA (Id=WMSA,7.5KM), KUALA LUMPUR INTERNATIONAL, MY (Id=48650099999,45.0KM), WMKK (Id=WMKK,46.0KM)"
"Selangor, Malaysia",04/11/2010,35.9,26,30.1,,48.6,0,,,18.2,136.92,,9.4,89,79.71,Overcast,"SULTAN ABDUL AZIZ SHAH INTERNATIONAL, MY (Id=48647099999,7.5KM), WMSA (Id=WMSA,7.5KM), KUALA LUMPUR INTERNATIONAL, MY (Id=48650099999,45.0KM), WMKK (Id=WMKK,46.0KM)"
"Selangor, Malaysia",04/12/2010,34.9,27,30.3,,46.6,0,,,16.4,171.17,,7.8,89,78.92,Overcast,"SULTAN ABDUL AZIZ SHAH INTERNATIONAL, MY (Id=48647099999,7.5KM), WMSA (Id=WMSA,7.5KM), KUALA LUMPUR INTERNATIONAL, MY (Id=48650099999,45.0KM), WMKK (Id=WMKK,46.0KM)"
"Selangor, Malaysia",04/13/2010,34.9,26.9,29.3,,46.6,0.5,,,14.8,173.21,,8.2,89,82.88,"Rain, Overcast","SULTAN ABDUL AZIZ SHAH INTERNATIONAL, MY (Id=48647099999,7.5KM), WMSA (Id=WMSA,7.5KM), KUALA LUMPUR INTERNATIONAL, MY (Id=48650099999,45.0KM), WMKK (Id=WMKK,46.0KM)"
"Selangor, Malaysia",04/14/2010,35.1,26.7,30.1,,45.1,0,,,20,218.63,,9,89,78.21,Overcast,"SULTAN ABDUL AZIZ SHAH INTERNATIONAL, MY (Id=48647099999,7.5KM), WMSA (Id=WMSA,7.5KM), KUALA LUMPUR INTERNATIONAL, MY (Id=48650099999,45.0KM), WMKK (Id=WMKK,46.0KM)"
"Selangor, Malaysia",04/15/2010,34.9,27.8,30.6,,44.8,0,,,18.2,181.08,,9.2,89,78.87,Overcast,"SULTAN ABDUL AZIZ SHAH INTERNATIONAL, MY (Id=48647099999,7.5KM), WMSA (Id=WMSA,7.5KM), KUALA LUMPUR INTERNATIONAL, MY (Id=48650099999,45.0KM), WMKK (Id=WMKK,46.0KM)"
"Selangor, Malaysia",04/16/2010,33.9,27,29.4,,43.4,1,,,14.6,203.92,,8.8,89.1,82.25,"Rain, Overcast","SULTAN ABDUL AZIZ SHAH INTERNATIONAL, MY (Id=48647099999,7.5KM), WMSA (Id=WMSA,7.5KM), KUALA LUMPUR INTERNATIONAL, MY (Id=48650099999,45.0KM), WMKK (Id=WMKK,46.0KM)"
"Selangor, Malaysia",04/17/2010,35.9,25.8,29.6,,46.2,6.3,,,12.8,242.88,,8.1,90.1,81.37,"Rain, Overcast","SULTAN ABDUL AZIZ SHAH INTERNATIONAL, MY (Id=48647099999,7.5KM), WMSA (Id=WMSA,7.5KM), KUALA LUMPUR INTERNATIONAL, MY (Id=48650099999,45.0KM), WMKK (Id=WMKK,46.0KM)"
"Selangor, Malaysia",04/18/2010,35,24.8,28.5,,43.2,64.8,,,25.4,189.57,,8.8,90.1,84.18,"Rain, Overcast","SULTAN ABDUL AZIZ SHAH INTERNATIONAL, MY (Id=48647099999,7.5KM), WMSA (Id=WMSA,7.5KM), KUALA LUMPUR INTERNATIONAL, MY (Id=48650099999,45.0KM), WMKK (Id=WMKK,46.0KM)"
"Selangor, Malaysia",04/19/2010,34.8,26.9,29.7,,46.5,0,,,14.5,143.83,,9.4,89.2,81.09,Overcast,"SULTAN ABDUL AZIZ SHAH INTERNATIONAL, MY (Id=48647099999,7.5KM), WMSA (Id=WMSA,7.5KM), KUALA LUMPUR INTERNATIONAL, MY (Id=48650099999,45.0KM), WMKK (Id=WMKK,46.0KM)"
"Selangor, Malaysia",04/20/2010,31.8,26,28.3,,40.6,3,,,9.3,151.17,,8.5,89.1,86.73,"Rain, Overcast","SULTAN ABDUL AZIZ SHAH INTERNATIONAL, MY (Id=48647099999,7.5KM), WMSA (Id=WMSA,7.5KM), KUALA LUMPUR INTERNATIONAL, MY (Id=48650099999,45.0KM), WMKK (Id=WMKK,46.0KM)"
"Selangor, Malaysia",04/21/2010,34.9,26,29.9,,46.6,0,,,18.2,212.33,,8.9,89.2,81.99,Overcast,"SULTAN ABDUL AZIZ SHAH INTERNATIONAL, MY (Id=48647099999,7.5KM), WMSA (Id=WMSA,7.5KM), KUALA LUMPUR INTERNATIONAL, MY (Id=48650099999,45.0KM), WMKK (Id=WMKK,46.0KM)"
"Selangor, Malaysia",04/22/2010,34.8,24,29.1,,47.9,31,,,16.4,222.92,35.3,9.4,90,83.51,"Rain, Overcast","SULTAN ABDUL AZIZ SHAH INTERNATIONAL, MY (Id=48647099999,7.5KM), WMSA (Id=WMSA,7.5KM), KUALA LUMPUR INTERNATIONAL, MY (Id=48650099999,45.0KM), WMKK (Id=WMKK,46.0KM)"
"Selangor, Malaysia",04/23/2010,34,27,29.8,,43.5,0,,,17.9,180,,9.3,89.2,83,Overcast,"SULTAN ABDUL AZIZ SHAH INTERNATIONAL, MY (Id=48647099999,7.5KM), WMSA (Id=WMSA,7.5KM), KUALA LUMPUR INTERNATIONAL, MY (Id=48650099999,45.0KM), WMKK (Id=WMKK,46.0KM)"
"Selangor, Malaysia",04/24/2010,34.9,25,28.9,,44.9,89.9,,,21.8,194,,9.1,89.6,85.46,"Rain, Overcast","SULTAN ABDUL AZIZ SHAH INTERNATIONAL, MY (Id=48647099999,7.5KM), WMSA (Id=WMSA,7.5KM), KUALA LUMPUR INTERNATIONAL, MY (Id=48650099999,45.0KM), WMKK (Id=WMKK,46.0KM)"
"Selangor, Malaysia",04/25/2010,35,26.9,29.5,,45.2,10.9,,,14.8,129.74,,8.3,89.3,83.72,"Rain, Overcast","SULTAN ABDUL AZIZ SHAH INTERNATIONAL, MY (Id=48647099999,7.5KM), WMSA (Id=WMSA,7.5KM), KUALA LUMPUR INTERNATIONAL, MY (Id=48650099999,45.0KM), WMKK (Id=WMKK,46.0KM)"
"Selangor, Malaysia",04/26/2010,34,25.9,29.1,,43.7,0,,,11.1,147.79,,9.3,89.3,82.8,Overcast,"SULTAN ABDUL AZIZ SHAH INTERNATIONAL, MY (Id=48647099999,7.5KM), WMSA (Id=WMSA,7.5KM), KUALA LUMPUR INTERNATIONAL, MY (Id=48650099999,45.0KM), WMKK (Id=WMKK,46.0KM)"
"Selangor, Malaysia",04/27/2010,33,26,28.4,,43,1,,,20.2,184.63,,7.8,89.6,85.89,"Rain, Overcast","SULTAN ABDUL AZIZ SHAH INTERNATIONAL, MY (Id=48647099999,7.5KM), WMSA (Id=WMSA,7.5KM), KUALA LUMPUR INTERNATIONAL, MY (Id=48650099999,45.0KM), WMKK (Id=WMKK,46.0KM)"
"Selangor, Malaysia",04/28/2010,35,25.8,29.6,,45.1,0,,,11.2,176.33,,9.1,89.1,81.16,Overcast,"SULTAN ABDUL AZIZ SHAH INTERNATIONAL, MY (Id=48647099999,7.5KM), WMSA (Id=WMSA,7.5KM), KUALA LUMPUR INTERNATIONAL, MY (Id=48650099999,45.0KM), WMKK (Id=WMKK,46.0KM)"
"Selangor, Malaysia",04/29/2010,33.9,25.1,29.1,,45.1,49.5,,,14.7,170.71,,7.3,90,84.63,"Rain, Overcast","SULTAN ABDUL AZIZ SHAH INTERNATIONAL, MY (Id=48647099999,7.5KM), WMSA (Id=WMSA,7.5KM), KUALA LUMPUR INTERNATIONAL, MY (Id=48650099999,45.0KM), WMKK (Id=WMKK,46.0KM)"
"Selangor, Malaysia",04/30/2010,35.9,26.7,29.6,,46.3,23.1,,,13.1,158.39,,8.4,89.3,84.65,"Rain, Overcast","SULTAN ABDUL AZIZ SHAH INTERNATIONAL, MY (Id=48647099999,7.5KM), WMSA (Id=WMSA,7.5KM), KUALA LUMPUR INTERNATIONAL, MY (Id=48650099999,45.0KM), WMKK (Id=WMKK,46.0KM)"
"Selangor, Malaysia",05/01/2010,35,26,29.3,,46.6,17.5,,,25.4,173,,8.1,89.9,84.66,"Rain, Overcast","SULTAN ABDUL AZIZ SHAH INTERNATIONAL, MY (Id=48647099999,7.5KM), WMSA (Id=WMSA,7.5KM), KUALA LUMPUR INTERNATIONAL, MY (Id=48650099999,45.0KM), WMKK (Id=WMKK,46.0KM)"
"Selangor, Malaysia",05/02/2010,34.9,17.4,29.1,,44.9,6.1,,,16.5,155.13,,9,89.3,81.3,"Rain, Overcast","SULTAN ABDUL AZIZ SHAH INTERNATIONAL, MY (Id=48647099999,7.5KM), WMSA (Id=WMSA,7.5KM), KUALA LUMPUR INTERNATIONAL, MY (Id=48650099999,45.0KM), WMKK (Id=WMKK,46.0KM)"
"Selangor, Malaysia",05/03/2010,35.9,25,30.5,,44.7,0.5,,,9.4,128.76,,8.7,89.3,76.82,"Rain, Overcast","SULTAN ABDUL AZIZ SHAH INTERNATIONAL, MY (Id=48647099999,7.5KM), WMSA (Id=WMSA,7.5KM), KUALA LUMPUR INTERNATIONAL, MY (Id=48650099999,45.0KM), WMKK (Id=WMKK,46.0KM)"
"Selangor, Malaysia",05/04/2010,36,26.1,29.7,,48,13,,,23.8,111,,8.5,89.6,82.32,"Rain, Overcast","SULTAN ABDUL AZIZ SHAH INTERNATIONAL, MY (Id=48647099999,7.5KM), WMSA (Id=WMSA,7.5KM), KUALA LUMPUR INTERNATIONAL, MY (Id=48650099999,45.0KM), WMKK (Id=WMKK,46.0KM)"
"Selangor, Malaysia",05/05/2010,34.9,26,29.1,,46.7,43.9,,,13,162.96,31.3,6.8,89.5,86.14,"Rain, Overcast","SULTAN ABDUL AZIZ SHAH INTERNATIONAL, MY (Id=48647099999,7.5KM), WMSA (Id=WMSA,7.5KM), KUALA LUMPUR INTERNATIONAL, MY (Id=48650099999,45.0KM), WMKK (Id=WMKK,46.0KM)"
"Selangor, Malaysia",05/06/2010,35,26.1,29.3,,46.9,7.9,,,14.8,167.25,,7.3,89.2,85.02,"Rain, Overcast","SULTAN ABDUL AZIZ SHAH INTERNATIONAL, MY (Id=48647099999,7.5KM), WMSA (Id=WMSA,7.5KM), KUALA LUMPUR INTERNATIONAL, MY (Id=48650099999,45.0KM), WMKK (Id=WMKK,46.0KM)"
"Selangor, Malaysia",05/07/2010,33.9,26.9,29.4,,47.2,3,,,18.3,191.92,,7.6,89.1,86.01,"Rain, Overcast","SULTAN ABDUL AZIZ SHAH INTERNATIONAL, MY (Id=48647099999,7.5KM), WMSA (Id=WMSA,7.5KM), KUALA LUMPUR INTERNATIONAL, MY (Id=48650099999,45.0KM), WMKK (Id=WMKK,46.0KM)"
"Selangor, Malaysia",05/08/2010,34.9,26.9,29,,46.7,33,,,12.9,140.13,,8,90.8,86.33,"Rain, Overcast","SULTAN ABDUL AZIZ SHAH INTERNATIONAL, MY (Id=48647099999,7.5KM), WMSA (Id=WMSA,7.5KM), KUALA LUMPUR INTERNATIONAL, MY (Id=48650099999,45.0KM), WMKK (Id=WMKK,46.0KM)"
"Selangor, Malaysia",05/09/2010,31.1,26.9,28.3,,40.5,0.8,,,11.2,143.5,,7,89.2,91.67,"Rain, Overcast","SULTAN ABDUL AZIZ SHAH INTERNATIONAL, MY (Id=48647099999,7.5KM), WMSA (Id=WMSA,7.5KM), KUALA LUMPUR INTERNATIONAL, MY (Id=48650099999,45.0KM), WMKK (Id=WMKK,46.0KM)"
"Selangor, Malaysia",05/10/2010,34.9,25.9,29,,46.8,23.9,,,20.3,208.91,,8.2,89.3,86.41,"Rain, Overcast","SULTAN ABDUL AZIZ SHAH INTERNATIONAL, MY (Id=48647099999,7.5KM), WMSA (Id=WMSA,7.5KM), KUALA LUMPUR INTERNATIONAL, MY (Id=48650099999,45.0KM), WMKK (Id=WMKK,46.0KM)"
"Selangor, Malaysia",05/11/2010,34,25.1,28.2,,47.4,0,,,18.2,160.36,38.9,8,89.3,88.13,Overcast,"SULTAN ABDUL AZIZ SHAH INTERNATIONAL, MY (Id=48647099999,7.5KM), WMSA (Id=WMSA,7.5KM), KUALA LUMPUR INTERNATIONAL, MY (Id=48650099999,45.0KM), WMKK (Id=WMKK,46.0KM)"
"Selangor, Malaysia",05/12/2010,32.9,26,28.7,,43.7,21.8,,,21.9,204.09,,8.5,89.5,85.59,"Rain, Overcast","SULTAN ABDUL AZIZ SHAH INTERNATIONAL, MY (Id=48647099999,7.5KM), WMSA (Id=WMSA,7.5KM), KUALA LUMPUR INTERNATIONAL, MY (Id=48650099999,45.0KM), WMKK (Id=WMKK,46.0KM)"
"Selangor, Malaysia",05/13/2010,34.9,26.9,29.3,,46.6,3,,,18.1,221.88,,8.8,89.2,85.86,"Rain, Overcast","SULTAN ABDUL AZIZ SHAH INTERNATIONAL, MY (Id=48647099999,7.5KM), WMSA (Id=WMSA,7.5KM), KUALA LUMPUR INTERNATIONAL, MY (Id=48650099999,45.0KM), WMKK (Id=WMKK,46.0KM)"
"Selangor, Malaysia",05/14/2010,33.9,26.9,29.3,,43.5,13,,,18.1,142.42,,7.8,89.2,85.57,"Rain, Overcast","SULTAN ABDUL AZIZ SHAH INTERNATIONAL, MY (Id=48647099999,7.5KM), WMSA (Id=WMSA,7.5KM), KUALA LUMPUR INTERNATIONAL, MY (Id=48650099999,45.0KM), WMKK (Id=WMKK,46.0KM)"
"Selangor, Malaysia",05/15/2010,35.9,27,30.8,,46.8,0,,,12.9,188.04,,9.3,89.3,79.28,Overcast,"SULTAN ABDUL AZIZ SHAH INTERNATIONAL, MY (Id=48647099999,7.5KM), WMSA (Id=WMSA,7.5KM), KUALA LUMPUR INTERNATIONAL, MY (Id=48650099999,45.0KM), WMKK (Id=WMKK,46.0KM)"
"Selangor, Malaysia",05/16/2010,36,25.2,31.5,,48.1,0,,,12.9,120.58,,10.4,89.7,76.89,Overcast,"SULTAN ABDUL AZIZ SHAH INTERNATIONAL, MY (Id=48647099999,7.5KM), WMSA (Id=WMSA,7.5KM), KUALA LUMPUR INTERNATIONAL, MY (Id=48650099999,45.0KM), WMKK (Id=WMKK,46.0KM)"
"Selangor, Malaysia",05/17/2010,34.1,25.1,29.3,,45.3,17,,,13,140.5,,8.9,90.2,84.03,"Rain, Overcast","SULTAN ABDUL AZIZ SHAH INTERNATIONAL, MY (Id=48647099999,7.5KM), WMSA (Id=WMSA,7.5KM), KUALA LUMPUR INTERNATIONAL, MY (Id=48650099999,45.0KM), WMKK (Id=WMKK,46.0KM)"
"Selangor, Malaysia",05/18/2010,36.1,25,29.3,,47.9,27.9,,,22.4,149.48,,7.5,91.1,86.78,"Rain, Overcast","SULTAN ABDUL AZIZ SHAH INTERNATIONAL, MY (Id=48647099999,7.5KM), WMSA (Id=WMSA,7.5KM), KUALA LUMPUR INTERNATIONAL, MY (Id=48650099999,45.0KM), WMKK (Id=WMKK,46.0KM)"
"Selangor, Malaysia",05/19/2010,35.9,25.1,29.1,,46.2,1.5,,,12.9,214.78,,8.9,89.3,84.1,"Rain, Overcast","SULTAN ABDUL AZIZ SHAH INTERNATIONAL, MY (Id=48647099999,7.5KM), WMSA (Id=WMSA,7.5KM), KUALA LUMPUR INTERNATIONAL, MY (Id=48650099999,45.0KM), WMKK (Id=WMKK,46.0KM)"
"Selangor, Malaysia",05/20/2010,33.9,25.9,28.6,,45.6,37.1,,,20.4,129.83,37.1,7.9,90.1,90.16,"Rain, Overcast","SULTAN ABDUL AZIZ SHAH INTERNATIONAL, MY (Id=48647099999,7.5KM), WMSA (Id=WMSA,7.5KM), KUALA LUMPUR INTERNATIONAL, MY (Id=48650099999,45.0KM), WMKK (Id=WMKK,46.0KM)"
"Selangor, Malaysia",05/21/2010,35.6,25.9,30.1,,45.9,0,,,11.2,114.91,,9.7,89.3,80.84,Overcast,"SULTAN ABDUL AZIZ SHAH INTERNATIONAL, MY (Id=48647099999,7.5KM), WMSA (Id=WMSA,7.5KM), KUALA LUMPUR INTERNATIONAL, MY (Id=48650099999,45.0KM), WMKK (Id=WMKK,46.0KM)"
"Selangor, Malaysia",05/22/2010,31.8,25,28.2,,39.1,6.1,,,12.9,202.96,,9.4,90.5,85.42,"Rain, Overcast","SULTAN ABDUL AZIZ SHAH INTERNATIONAL, MY (Id=48647099999,7.5KM), WMSA (Id=WMSA,7.5KM), KUALA LUMPUR INTERNATIONAL, MY (Id=48650099999,45.0KM), WMKK (Id=WMKK,46.0KM)"
"Selangor, Malaysia",05/23/2010,35,26,30.3,,48.6,0,,,11.1,170.71,,10.1,89.1,79.78,Overcast,"SULTAN ABDUL AZIZ SHAH INTERNATIONAL, MY (Id=48647099999,7.5KM), WMSA (Id=WMSA,7.5KM), KUALA LUMPUR INTERNATIONAL, MY (Id=48650099999,45.0KM), WMKK (Id=WMKK,46.0KM)"
"Selangor, Malaysia",05/24/2010,34.9,26,29.9,,47.2,0,,,16.4,164.58,,9.3,89.2,81.09,Overcast,"SULTAN ABDUL AZIZ SHAH INTERNATIONAL, MY (Id=48647099999,7.5KM), WMSA (Id=WMSA,7.5KM), KUALA LUMPUR INTERNATIONAL, MY (Id=48650099999,45.0KM), WMKK (Id=WMKK,46.0KM)"
"Selangor, Malaysia",05/25/2010,33.9,26,30.2,,45.5,0,,,13,124.25,,8.6,89,82.31,Overcast,"SULTAN ABDUL AZIZ SHAH INTERNATIONAL, MY (Id=48647099999,7.5KM), WMSA (Id=WMSA,7.5KM), KUALA LUMPUR INTERNATIONAL, MY (Id=48650099999,45.0KM), WMKK (Id=WMKK,46.0KM)"
"Selangor, Malaysia",05/26/2010,33.9,27,29.8,,44,0,,,12.8,219,,9.1,89.1,82.64,Overcast,"SULTAN ABDUL AZIZ SHAH INTERNATIONAL, MY (Id=48647099999,7.5KM), WMSA (Id=WMSA,7.5KM), KUALA LUMPUR INTERNATIONAL, MY (Id=48650099999,45.0KM), WMKK (Id=WMKK,46.0KM)"
"Selangor, Malaysia",05/27/2010,33.9,27,29.8,,45.2,0,,,23.8,125.21,,7.5,89.1,83.59,Overcast,"SULTAN ABDUL AZIZ SHAH INTERNATIONAL, MY (Id=48647099999,7.5KM), WMSA (Id=WMSA,7.5KM), KUALA LUMPUR INTERNATIONAL, MY (Id=48650099999,45.0KM), WMKK (Id=WMKK,46.0KM)"
"Selangor, Malaysia",05/28/2010,34.9,24.3,28.6,,47.2,0,,,13.2,162.04,31.3,7.9,89.6,85.58,Overcast,"SULTAN ABDUL AZIZ SHAH INTERNATIONAL, MY (Id=48647099999,7.5KM), WMSA (Id=WMSA,7.5KM), KUALA LUMPUR INTERNATIONAL, MY (Id=48650099999,45.0KM), WMKK (Id=WMKK,46.0KM)"
"Selangor, Malaysia",05/29/2010,34.1,25.9,28.4,,43.7,107.7,,,16.4,167.71,,7.6,90.8,85.26,"Rain, Overcast","SULTAN ABDUL AZIZ SHAH INTERNATIONAL, MY (Id=48647099999,7.5KM), WMSA (Id=WMSA,7.5KM), KUALA LUMPUR INTERNATIONAL, MY (Id=48650099999,45.0KM), WMKK (Id=WMKK,46.0KM)"
"Selangor, Malaysia",05/30/2010,33.9,25.8,29.1,,40.6,7.9,,,14.6,163.83,,8.8,89.7,79.85,"Rain, Overcast","SULTAN ABDUL AZIZ SHAH INTERNATIONAL, MY (Id=48647099999,7.5KM), WMSA (Id=WMSA,7.5KM), KUALA LUMPUR INTERNATIONAL, MY (Id=48650099999,45.0KM), WMKK (Id=WMKK,46.0KM)"
"Selangor, Malaysia",05/31/2010,34,26,28.5,,43.2,21.1,,,11.3,134.67,,9.2,89.3,83.35,"Rain, Overcast","SULTAN ABDUL AZIZ SHAH INTERNATIONAL, MY (Id=48647099999,7.5KM), WMSA (Id=WMSA,7.5KM), KUALA LUMPUR INTERNATIONAL, MY (Id=48650099999,45.0KM), WMKK (Id=WMKK,46.0KM)"
"Selangor, Malaysia",06/01/2010,34.7,25,28.1,,43.5,17.5,,,14.7,140.78,,7.7,89.1,86.85,"Rain, Overcast","SULTAN ABDUL AZIZ SHAH INTERNATIONAL, MY (Id=48647099999,7.5KM), WMSA (Id=WMSA,7.5KM), KUALA LUMPUR INTERNATIONAL, MY (Id=48650099999,45.0KM), WMKK (Id=WMKK,46.0KM)"
"Selangor, Malaysia",06/02/2010,33.9,25.7,29.4,,45.2,0,,,12.8,126.7,,8.1,89.2,82.49,Overcast,"SULTAN ABDUL AZIZ SHAH INTERNATIONAL, MY (Id=48647099999,7.5KM), WMSA (Id=WMSA,7.5KM), KUALA LUMPUR INTERNATIONAL, MY (Id=48650099999,45.0KM), WMKK (Id=WMKK,46.0KM)"
"Selangor, Malaysia",06/03/2010,34,27,30.1,,45.6,0,,,16.4,125.17,,7.8,89,83.27,Overcast,"SULTAN ABDUL AZIZ SHAH INTERNATIONAL, MY (Id=48647099999,7.5KM), WMSA (Id=WMSA,7.5KM), KUALA LUMPUR INTERNATIONAL, MY (Id=48650099999,45.0KM), WMKK (Id=WMKK,46.0KM)"
"Selangor, Malaysia",06/04/2010,33.9,24.9,29.5,,44.8,31.2,,,25.3,248.29,,9.4,89.6,84.35,"Rain, Overcast","SULTAN ABDUL AZIZ SHAH INTERNATIONAL, MY (Id=48647099999,7.5KM), WMSA (Id=WMSA,7.5KM), KUALA LUMPUR INTERNATIONAL, MY (Id=48650099999,45.0KM), WMKK (Id=WMKK,46.0KM)"
"Selangor, Malaysia",06/05/2010,33.9,25.6,29.5,,45.2,9.4,,,18.2,294.21,,9.6,89.7,83.25,"Rain, Overcast","SULTAN ABDUL AZIZ SHAH INTERNATIONAL, MY (Id=48647099999,7.5KM), WMSA (Id=WMSA,7.5KM), KUALA LUMPUR INTERNATIONAL, MY (Id=48650099999,45.0KM), WMKK (Id=WMKK,46.0KM)"
"Selangor, Malaysia",06/06/2010,34.9,26,30.4,,46.6,0,,,12.9,267.63,,9.5,89,79.03,Overcast,"SULTAN ABDUL AZIZ SHAH INTERNATIONAL, MY (Id=48647099999,7.5KM), WMSA (Id=WMSA,7.5KM), KUALA LUMPUR INTERNATIONAL, MY (Id=48650099999,45.0KM), WMKK (Id=WMKK,46.0KM)"
"Selangor, Malaysia",06/07/2010,34.1,27,30,,45.3,0.5,,,12.9,244.79,,9.7,89.1,82.07,"Rain, Overcast","SULTAN ABDUL AZIZ SHAH INTERNATIONAL, MY (Id=48647099999,7.5KM), WMSA (Id=WMSA,7.5KM), KUALA LUMPUR INTERNATIONAL, MY (Id=48650099999,45.0KM), WMKK (Id=WMKK,46.0KM)"
"Selangor, Malaysia",06/08/2010,33,26,28.5,,40.5,6.1,,,20,174.92,,9.3,89.5,83.54,"Rain, Overcast","SULTAN ABDUL AZIZ SHAH INTERNATIONAL, MY (Id=48647099999,7.5KM), WMSA (Id=WMSA,7.5KM), KUALA LUMPUR INTERNATIONAL, MY (Id=48650099999,45.0KM), WMKK (Id=WMKK,46.0KM)"
"Selangor, Malaysia",06/09/2010,34,25,27.5,,43.4,43.9,,,9.4,140.13,,8.6,91.4,88.18,"Rain, Overcast","SULTAN ABDUL AZIZ SHAH INTERNATIONAL, MY (Id=48647099999,7.5KM), WMSA (Id=WMSA,7.5KM), KUALA LUMPUR INTERNATIONAL, MY (Id=48650099999,45.0KM), WMKK (Id=WMKK,46.0KM)"
"Selangor, Malaysia",06/10/2010,35.9,24.9,29.1,,44.6,2,,,16.5,210.42,,9.1,89.1,79.22,"Rain, Overcast","SULTAN ABDUL AZIZ SHAH INTERNATIONAL, MY (Id=48647099999,7.5KM), WMSA (Id=WMSA,7.5KM), KUALA LUMPUR INTERNATIONAL, MY (Id=48650099999,45.0KM), WMKK (Id=WMKK,46.0KM)"
"Selangor, Malaysia",06/11/2010,34.8,27,29.5,,43.8,7.9,,,14.8,161.58,,9.1,89.2,83.64,"Rain, Overcast","SULTAN ABDUL AZIZ SHAH INTERNATIONAL, MY (Id=48647099999,7.5KM), WMSA (Id=WMSA,7.5KM), KUALA LUMPUR INTERNATIONAL, MY (Id=48650099999,45.0KM), WMKK (Id=WMKK,46.0KM)"
"Selangor, Malaysia",06/12/2010,33,26.9,28.7,,42.1,5.6,,,11,152.29,,9.4,89.1,83.62,"Rain, Overcast","SULTAN ABDUL AZIZ SHAH INTERNATIONAL, MY (Id=48647099999,7.5KM), WMSA (Id=WMSA,7.5KM), KUALA LUMPUR INTERNATIONAL, MY (Id=48650099999,45.0KM), WMKK (Id=WMKK,46.0KM)"
"Selangor, Malaysia",06/13/2010,34.9,26,29.4,,44.8,0.5,,,14.7,175.35,,9.3,89.2,79.7,"Rain, Overcast","SULTAN ABDUL AZIZ SHAH INTERNATIONAL, MY (Id=48647099999,7.5KM), WMSA (Id=WMSA,7.5KM), KUALA LUMPUR INTERNATIONAL, MY (Id=48650099999,45.0KM), WMKK (Id=WMKK,46.0KM)"
"Selangor, Malaysia",06/14/2010,34.9,25,29.1,,43.2,0,,,27.4,144.52,,9.7,89,78.43,Overcast,"SULTAN ABDUL AZIZ SHAH INTERNATIONAL, MY (Id=48647099999,7.5KM), WMSA (Id=WMSA,7.5KM), KUALA LUMPUR INTERNATIONAL, MY (Id=48650099999,45.0KM), WMKK (Id=WMKK,46.0KM)"
"Selangor, Malaysia",06/15/2010,34,25,29.3,,41.8,0,,,14.6,138.29,,11,89.2,76.03,Overcast,"SULTAN ABDUL AZIZ SHAH INTERNATIONAL, MY (Id=48647099999,7.5KM), WMSA (Id=WMSA,7.5KM), KUALA LUMPUR INTERNATIONAL, MY (Id=48650099999,45.0KM), WMKK (Id=WMKK,46.0KM)"
"Selangor, Malaysia",06/16/2010,32.6,26,28.8,,39,0,,,12.9,159.63,,9.8,88.3,76.46,Overcast,"SULTAN ABDUL AZIZ SHAH INTERNATIONAL, MY (Id=48647099999,7.5KM), WMSA (Id=WMSA,7.5KM), KUALA LUMPUR INTERNATIONAL, MY (Id=48650099999,45.0KM), WMKK (Id=WMKK,46.0KM)"
"Selangor, Malaysia",06/17/2010,34.9,25,29.2,,41.8,0,,,12.8,305.54,,10.8,89,73.5,Overcast,"SULTAN ABDUL AZIZ SHAH INTERNATIONAL, MY (Id=48647099999,7.5KM), WMSA (Id=WMSA,7.5KM), KUALA LUMPUR INTERNATIONAL, MY (Id=48650099999,45.0KM), WMKK (Id=WMKK,46.0KM)"
"Selangor, Malaysia",06/18/2010,33.7,25.9,29.4,,41.8,0,,,9.2,195.46,29.5,9,89.1,76.76,Overcast,"SULTAN ABDUL AZIZ SHAH INTERNATIONAL, MY (Id=48647099999,7.5KM), WMSA (Id=WMSA,7.5KM), KUALA LUMPUR INTERNATIONAL, MY (Id=48650099999,45.0KM), WMKK (Id=WMKK,46.0KM)"
"Selangor, Malaysia",06/19/2010,34.7,27,30.3,,43.4,0,,,16.5,243.33,,9.1,89,75.18,Overcast,"SULTAN ABDUL AZIZ SHAH INTERNATIONAL, MY (Id=48647099999,7.5KM), WMSA (Id=WMSA,7.5KM), KUALA LUMPUR INTERNATIONAL, MY (Id=48650099999,45.0KM), WMKK (Id=WMKK,46.0KM)"
"Selangor, Malaysia",06/20/2010,34.9,27,30.3,,44.8,0,,,14.7,190.88,,8.5,89.1,78.85,Overcast,"SULTAN ABDUL AZIZ SHAH INTERNATIONAL, MY (Id=48647099999,7.5KM), WMSA (Id=WMSA,7.5KM), KUALA LUMPUR INTERNATIONAL, MY (Id=48650099999,45.0KM), WMKK (Id=WMKK,46.0KM)"
"Selangor, Malaysia",06/21/2010,32,26.7,28.7,,40.8,3,,,18,178.33,,7.7,89.3,85.42,"Rain, Overcast","SULTAN ABDUL AZIZ SHAH INTERNATIONAL, MY (Id=48647099999,7.5KM), WMSA (Id=WMSA,7.5KM), KUALA LUMPUR INTERNATIONAL, MY (Id=48650099999,45.0KM), WMKK (Id=WMKK,46.0KM)"
"Selangor, Malaysia",06/22/2010,32.9,25.9,28.5,,40.4,0,,,12.9,164,25.9,9.5,89.1,79.48,Overcast,"SULTAN ABDUL AZIZ SHAH INTERNATIONAL, MY (Id=48647099999,7.5KM), WMSA (Id=WMSA,7.5KM), KUALA LUMPUR INTERNATIONAL, MY (Id=48650099999,45.0KM), WMKK (Id=WMKK,46.0KM)"
"Selangor, Malaysia",06/23/2010,31.9,25.1,27.2,,37.7,19.1,,,23.7,126.25,,8.6,89.6,85.9,"Rain, Overcast","SULTAN ABDUL AZIZ SHAH INTERNATIONAL, MY (Id=48647099999,7.5KM), WMSA (Id=WMSA,7.5KM), KUALA LUMPUR INTERNATIONAL, MY (Id=48650099999,45.0KM), WMKK (Id=WMKK,46.0KM)"
"Selangor, Malaysia",06/24/2010,33,25,28.5,,42,0,,,17.9,144.46,,8.8,89.3,81.94,Overcast,"SULTAN ABDUL AZIZ SHAH INTERNATIONAL, MY (Id=48647099999,7.5KM), WMSA (Id=WMSA,7.5KM), KUALA LUMPUR INTERNATIONAL, MY (Id=48650099999,45.0KM), WMKK (Id=WMKK,46.0KM)"
"Selangor, Malaysia",06/25/2010,31,25,26.5,,39.1,20.1,,,16.3,164.96,,9.4,89.6,88.73,"Rain, Overcast","SULTAN ABDUL AZIZ SHAH INTERNATIONAL, MY (Id=48647099999,7.5KM), WMSA (Id=WMSA,7.5KM), KUALA LUMPUR INTERNATIONAL, MY (Id=48650099999,45.0KM), WMKK (Id=WMKK,46.0KM)"
"Selangor, Malaysia",06/26/2010,34,25,29.4,,43.4,0,,,16.5,117.83,,9.8,89.3,76.8,Overcast,"SULTAN ABDUL AZIZ SHAH INTERNATIONAL, MY (Id=48647099999,7.5KM), WMSA (Id=WMSA,7.5KM), KUALA LUMPUR INTERNATIONAL, MY (Id=48650099999,45.0KM), WMKK (Id=WMKK,46.0KM)"
"Selangor, Malaysia",06/27/2010,33,25,29.1,,40.5,0.8,,,13.1,164.21,,10.6,89,77.89,"Rain, Overcast","SULTAN ABDUL AZIZ SHAH INTERNATIONAL, MY (Id=48647099999,7.5KM), WMSA (Id=WMSA,7.5KM), KUALA LUMPUR INTERNATIONAL, MY (Id=48650099999,45.0KM), WMKK (Id=WMKK,46.0KM)"
"Selangor, Malaysia",06/28/2010,33.7,26.8,29.4,,42.9,0,,,14.6,189.04,,10,89.1,80.44,Overcast,"SULTAN ABDUL AZIZ SHAH INTERNATIONAL, MY (Id=48647099999,7.5KM), WMSA (Id=WMSA,7.5KM), KUALA LUMPUR INTERNATIONAL, MY (Id=48650099999,45.0KM), WMKK (Id=WMKK,46.0KM)"
"Selangor, Malaysia",06/29/2010,32.9,26,28.4,,42,3,,,22.1,141,24.1,8.5,89.5,86.14,"Rain, Overcast","SULTAN ABDUL AZIZ SHAH INTERNATIONAL, MY (Id=48647099999,7.5KM), WMSA (Id=WMSA,7.5KM), KUALA LUMPUR INTERNATIONAL, MY (Id=48650099999,45.0KM), WMKK (Id=WMKK,46.0KM)"
"Selangor, Malaysia",06/30/2010,32.8,26,28.8,,41.8,1,,,16.5,180.87,,7.9,89.1,84.69,"Rain, Overcast","SULTAN ABDUL AZIZ SHAH INTERNATIONAL, MY (Id=48647099999,7.5KM), WMSA (Id=WMSA,7.5KM), KUALA LUMPUR INTERNATIONAL, MY (Id=48650099999,45.0KM), WMKK (Id=WMKK,46.0KM)"
