Name,Date time,Maximum Temperature,Minimum Temperature,Temperature,Wind Chill,Heat Index,Precipitation,Snow,Snow Depth,Wind Speed,Wind Direction,Wind Gust,Visibility,Cloud Cover,Relative Humidity,Conditions,Contributing Stations
"Selangor, Malaysia",07/01/2010,33.9,24.9,28.3,,43.4,72.9,,,27.2,181.54,51.8,8.1,90.5,85.36,"Rain, Overcast","SULTAN ABDUL AZIZ SHAH INTERNATIONAL, MY (Id=48647099999,7.5KM), WMSA (Id=WMSA,7.5KM), KUALA LUMPUR INTERNATIONAL, MY (Id=48650099999,45.0KM), WMKK (Id=WMKK,46.0KM)"
"Selangor, Malaysia",07/02/2010,34.9,25,29.1,,41.8,1,,,25.8,230.26,40.7,9.8,89,77.37,"Rain, Overcast","SULTAN ABDUL AZIZ SHAH INTERNATIONAL, MY (Id=48647099999,7.5KM), WMSA (Id=WMSA,7.5KM), KUALA LUMPUR INTERNATIONAL, MY (Id=48650099999,45.0KM), WMKK (Id=WMKK,46.0KM)"
"Selangor, Malaysia",07/03/2010,30.8,25.6,28.1,,36.4,1.5,,,14.6,245.67,,10,90.9,81.83,"Rain, Overcast","SULTAN ABDUL AZIZ SHAH INTERNATIONAL, MY (Id=48647099999,7.5KM), WMSA (Id=WMSA,7.5KM), KUALA LUMPUR INTERNATIONAL, MY (Id=48650099999,45.0KM), WMKK (Id=WMKK,46.0KM)"
"Selangor, Malaysia",07/04/2010,29,23.1,26.4,,34.5,9.9,,,30.6,74.13,,9.1,89.5,86.75,"Rain, Overcast","SULTAN ABDUL AZIZ SHAH INTERNATIONAL, MY (Id=48647099999,7.5KM), WMSA (Id=WMSA,7.5KM), KUALA LUMPUR INTERNATIONAL, MY (Id=48650099999,45.0KM), WMKK (Id=WMKK,46.0KM)"
"Selangor, Malaysia",07/05/2010,33.9,24,28.6,,40.5,0,,,9.5,114.29,,9.6,89.1,77.35,Overcast,"SULTAN ABDUL AZIZ SHAH INTERNATIONAL, MY (Id=48647099999,7.5KM), WMSA (Id=WMSA,7.5KM), KUALA LUMPUR INTERNATIONAL, MY (Id=48650099999,45.0KM), WMKK (Id=WMKK,46.0KM)"
"Selangor, Malaysia",07/06/2010,34.6,27,30.3,,44.1,0,,,16.2,148.54,,9.2,89.3,76.88,Overcast,"SULTAN ABDUL AZIZ SHAH INTERNATIONAL, MY (Id=48647099999,7.5KM), WMSA (Id=WMSA,7.5KM), KUALA LUMPUR INTERNATIONAL, MY (Id=48650099999,45.0KM), WMKK (Id=WMKK,46.0KM)"
"Selangor, Malaysia",07/07/2010,33.9,24.8,27.7,,43.4,9.9,,,16.5,202.04,,8.6,90,86.46,"Rain, Overcast","SULTAN ABDUL AZIZ SHAH INTERNATIONAL, MY (Id=48647099999,7.5KM), WMSA (Id=WMSA,7.5KM), KUALA LUMPUR INTERNATIONAL, MY (Id=48650099999,45.0KM), WMKK (Id=WMKK,46.0KM)"
"Selangor, Malaysia",07/08/2010,33.9,24,28.3,,40.6,0,,,9.3,175.46,,10,89.1,79.48,Overcast,"SULTAN ABDUL AZIZ SHAH INTERNATIONAL, MY (Id=48647099999,7.5KM), WMSA (Id=WMSA,7.5KM), KUALA LUMPUR INTERNATIONAL, MY (Id=48650099999,45.0KM), WMKK (Id=WMKK,46.0KM)"
"Selangor, Malaysia",07/09/2010,33.9,26,28.9,,41.8,0,,,18.3,196.08,,9.2,89.1,80.19,Overcast,"SULTAN ABDUL AZIZ SHAH INTERNATIONAL, MY (Id=48647099999,7.5KM), WMSA (Id=WMSA,7.5KM), KUALA LUMPUR INTERNATIONAL, MY (Id=48650099999,45.0KM), WMKK (Id=WMKK,46.0KM)"
"Selangor, Malaysia",07/10/2010,34,25,28.6,,42,3.3,,,16.5,185.78,,8.8,89.1,80.82,"Rain, Overcast","SULTAN ABDUL AZIZ SHAH INTERNATIONAL, MY (Id=48647099999,7.5KM), WMSA (Id=WMSA,7.5KM), KUALA LUMPUR INTERNATIONAL, MY (Id=48650099999,45.0KM), WMKK (Id=WMKK,46.0KM)"
"Selangor, Malaysia",07/11/2010,34,26,29,,43.7,1,,,14.7,225.04,,9.4,89,84.02,"Rain, Overcast","SULTAN ABDUL AZIZ SHAH INTERNATIONAL, MY (Id=48647099999,7.5KM), WMSA (Id=WMSA,7.5KM), KUALA LUMPUR INTERNATIONAL, MY (Id=48650099999,45.0KM), WMKK (Id=WMKK,46.0KM)"
"Selangor, Malaysia",07/12/2010,31.9,26,28.6,,37.8,0,,,14.4,235.21,51.8,10.1,89.2,80.08,Overcast,"SULTAN ABDUL AZIZ SHAH INTERNATIONAL, MY (Id=48647099999,7.5KM), WMSA (Id=WMSA,7.5KM), KUALA LUMPUR INTERNATIONAL, MY (Id=48650099999,45.0KM), WMKK (Id=WMKK,46.0KM)"
"Selangor, Malaysia",07/13/2010,34.9,25,28.9,,42.2,0,,,16.2,245.33,,10,89.1,78.57,Overcast,"SULTAN ABDUL AZIZ SHAH INTERNATIONAL, MY (Id=48647099999,7.5KM), WMSA (Id=WMSA,7.5KM), KUALA LUMPUR INTERNATIONAL, MY (Id=48650099999,45.0KM), WMKK (Id=WMKK,46.0KM)"
"Selangor, Malaysia",07/14/2010,33.1,25,28.8,,42.1,0,,,18,158.04,20.5,9.1,89.1,81.6,Overcast,"SULTAN ABDUL AZIZ SHAH INTERNATIONAL, MY (Id=48647099999,7.5KM), WMSA (Id=WMSA,7.5KM), KUALA LUMPUR INTERNATIONAL, MY (Id=48650099999,45.0KM), WMKK (Id=WMKK,46.0KM)"
"Selangor, Malaysia",07/15/2010,31,26,28.1,,39.1,11.4,,,11.1,182.38,,8.2,89.3,86.79,"Rain, Overcast","SULTAN ABDUL AZIZ SHAH INTERNATIONAL, MY (Id=48647099999,7.5KM), WMSA (Id=WMSA,7.5KM), KUALA LUMPUR INTERNATIONAL, MY (Id=48650099999,45.0KM), WMKK (Id=WMKK,46.0KM)"
"Selangor, Malaysia",07/16/2010,33.9,25,28.4,,41.9,0.5,,,16.5,223.42,,9.5,89.1,84.08,"Rain, Overcast","SULTAN ABDUL AZIZ SHAH INTERNATIONAL, MY (Id=48647099999,7.5KM), WMSA (Id=WMSA,7.5KM), KUALA LUMPUR INTERNATIONAL, MY (Id=48650099999,45.0KM), WMKK (Id=WMKK,46.0KM)"
"Selangor, Malaysia",07/17/2010,32.9,24.7,28.3,,40.5,4.1,,,16.4,138.58,,10,89.6,80.33,"Rain, Overcast","SULTAN ABDUL AZIZ SHAH INTERNATIONAL, MY (Id=48647099999,7.5KM), WMSA (Id=WMSA,7.5KM), KUALA LUMPUR INTERNATIONAL, MY (Id=48650099999,45.0KM), WMKK (Id=WMKK,46.0KM)"
"Selangor, Malaysia",07/18/2010,31.9,25,26.9,,39.2,5.1,,,20.4,140.57,,8.7,90,87.94,"Rain, Overcast","SULTAN ABDUL AZIZ SHAH INTERNATIONAL, MY (Id=48647099999,7.5KM), WMSA (Id=WMSA,7.5KM), KUALA LUMPUR INTERNATIONAL, MY (Id=48650099999,45.0KM), WMKK (Id=WMKK,46.0KM)"
"Selangor, Malaysia",07/19/2010,32.9,24.9,28.3,,40.5,0,,,9.4,84.25,,9.8,89,82.25,Overcast,"SULTAN ABDUL AZIZ SHAH INTERNATIONAL, MY (Id=48647099999,7.5KM), WMSA (Id=WMSA,7.5KM), KUALA LUMPUR INTERNATIONAL, MY (Id=48650099999,45.0KM), WMKK (Id=WMKK,46.0KM)"
"Selangor, Malaysia",07/20/2010,34.9,24.1,28.8,,43.4,69.1,,,27.4,116.71,,8.8,89.7,82.88,"Rain, Overcast","SULTAN ABDUL AZIZ SHAH INTERNATIONAL, MY (Id=48647099999,7.5KM), WMSA (Id=WMSA,7.5KM), KUALA LUMPUR INTERNATIONAL, MY (Id=48650099999,45.0KM), WMKK (Id=WMKK,46.0KM)"
"Selangor, Malaysia",07/21/2010,32,25,27.8,,39.2,0.5,,,14.8,208,,9.1,89,83.03,"Rain, Overcast","SULTAN ABDUL AZIZ SHAH INTERNATIONAL, MY (Id=48647099999,7.5KM), WMSA (Id=WMSA,7.5KM), KUALA LUMPUR INTERNATIONAL, MY (Id=48650099999,45.0KM), WMKK (Id=WMKK,46.0KM)"
"Selangor, Malaysia",07/22/2010,31.9,25.9,28,,39.2,0,,,25.7,128.96,,9,89.1,83.47,Overcast,"SULTAN ABDUL AZIZ SHAH INTERNATIONAL, MY (Id=48647099999,7.5KM), WMSA (Id=WMSA,7.5KM), KUALA LUMPUR INTERNATIONAL, MY (Id=48650099999,45.0KM), WMKK (Id=WMKK,46.0KM)"
"Selangor, Malaysia",07/23/2010,34.1,26,29.8,,39.6,0,,,14.6,153.58,,9.9,89,72.65,Overcast,"SULTAN ABDUL AZIZ SHAH INTERNATIONAL, MY (Id=48647099999,7.5KM), WMSA (Id=WMSA,7.5KM), KUALA LUMPUR INTERNATIONAL, MY (Id=48650099999,45.0KM), WMKK (Id=WMKK,46.0KM)"
"Selangor, Malaysia",07/24/2010,32.8,25.8,29.1,,40.6,0,,,9.1,156.3,,10.2,89.4,76.49,Overcast,"SULTAN ABDUL AZIZ SHAH INTERNATIONAL, MY (Id=48647099999,7.5KM), WMSA (Id=WMSA,7.5KM), KUALA LUMPUR INTERNATIONAL, MY (Id=48650099999,45.0KM), WMKK (Id=WMKK,46.0KM)"
"Selangor, Malaysia",07/25/2010,33.7,24,27.8,,41.6,2,,,20.3,174,,8.8,91,83.45,"Rain, Overcast","SULTAN ABDUL AZIZ SHAH INTERNATIONAL, MY (Id=48647099999,7.5KM), WMSA (Id=WMSA,7.5KM), KUALA LUMPUR INTERNATIONAL, MY (Id=48650099999,45.0KM), WMKK (Id=WMKK,46.0KM)"
"Selangor, Malaysia",07/26/2010,31,24.9,27.4,,36.6,16,,,7.5,186.46,,8.7,89.9,84.65,"Rain, Overcast","SULTAN ABDUL AZIZ SHAH INTERNATIONAL, MY (Id=48647099999,7.5KM), WMSA (Id=WMSA,7.5KM), KUALA LUMPUR INTERNATIONAL, MY (Id=48650099999,45.0KM), WMKK (Id=WMKK,46.0KM)"
"Selangor, Malaysia",07/27/2010,34,25.9,28.7,,42,1,,,14.6,160.58,,9.3,89.1,80.35,"Rain, Overcast","SULTAN ABDUL AZIZ SHAH INTERNATIONAL, MY (Id=48647099999,7.5KM), WMSA (Id=WMSA,7.5KM), KUALA LUMPUR INTERNATIONAL, MY (Id=48650099999,45.0KM), WMKK (Id=WMKK,46.0KM)"
"Selangor, Malaysia",07/28/2010,33.1,24,28.7,,40.8,15,,,14.6,166.92,,9.7,89.7,79.38,"Rain, Overcast","SULTAN ABDUL AZIZ SHAH INTERNATIONAL, MY (Id=48647099999,7.5KM), WMSA (Id=WMSA,7.5KM), KUALA LUMPUR INTERNATIONAL, MY (Id=48650099999,45.0KM), WMKK (Id=WMKK,46.0KM)"
"Selangor, Malaysia",07/29/2010,34.1,26.8,30,,41.9,0,,,11.2,154.21,,9.6,89.1,74.25,Overcast,"SULTAN ABDUL AZIZ SHAH INTERNATIONAL, MY (Id=48647099999,7.5KM), WMSA (Id=WMSA,7.5KM), KUALA LUMPUR INTERNATIONAL, MY (Id=48650099999,45.0KM), WMKK (Id=WMKK,46.0KM)"
"Selangor, Malaysia",07/30/2010,32.9,26.1,28.8,,39.2,0,,,18.2,209.04,31.3,9.3,89.2,80.43,Overcast,"SULTAN ABDUL AZIZ SHAH INTERNATIONAL, MY (Id=48647099999,7.5KM), WMSA (Id=WMSA,7.5KM), KUALA LUMPUR INTERNATIONAL, MY (Id=48650099999,45.0KM), WMKK (Id=WMKK,46.0KM)"
"Selangor, Malaysia",07/31/2010,33.9,25,28,,43.4,17,,,20.3,143.25,,8.8,91,83.65,"Rain, Overcast","SULTAN ABDUL AZIZ SHAH INTERNATIONAL, MY (Id=48647099999,7.5KM), WMSA (Id=WMSA,7.5KM), KUALA LUMPUR INTERNATIONAL, MY (Id=48650099999,45.0KM), WMKK (Id=WMKK,46.0KM)"
"Selangor, Malaysia",08/01/2010,33.6,25.1,28.3,,39.1,2,,,20.4,127.13,,9.4,90.1,77.27,"Rain, Overcast","SULTAN ABDUL AZIZ SHAH INTERNATIONAL, MY (Id=48647099999,7.5KM), WMSA (Id=WMSA,7.5KM), KUALA LUMPUR INTERNATIONAL, MY (Id=48650099999,45.0KM), WMKK (Id=WMKK,46.0KM)"
"Selangor, Malaysia",08/02/2010,34,25.9,29.6,,40.7,0,,,14.9,143.63,,10.6,89.4,73.51,Overcast,"SULTAN ABDUL AZIZ SHAH INTERNATIONAL, MY (Id=48647099999,7.5KM), WMSA (Id=WMSA,7.5KM), KUALA LUMPUR INTERNATIONAL, MY (Id=48650099999,45.0KM), WMKK (Id=WMKK,46.0KM)"
"Selangor, Malaysia",08/03/2010,34.9,25,30.1,,43.3,0.8,,,16.4,143.13,,10.2,89.1,72.79,"Rain, Overcast","SULTAN ABDUL AZIZ SHAH INTERNATIONAL, MY (Id=48647099999,7.5KM), WMSA (Id=WMSA,7.5KM), KUALA LUMPUR INTERNATIONAL, MY (Id=48650099999,45.0KM), WMKK (Id=WMKK,46.0KM)"
"Selangor, Malaysia",08/04/2010,34.9,24,29.8,,40.6,0,,,16.6,175.58,37.1,11.3,89.1,70.53,Overcast,"SULTAN ABDUL AZIZ SHAH INTERNATIONAL, MY (Id=48647099999,7.5KM), WMSA (Id=WMSA,7.5KM), KUALA LUMPUR INTERNATIONAL, MY (Id=48650099999,45.0KM), WMKK (Id=WMKK,46.0KM)"
"Selangor, Malaysia",08/05/2010,31.9,26.9,29.2,,40.6,2,,,14.6,134.75,,9,89.1,80.21,"Rain, Overcast","SULTAN ABDUL AZIZ SHAH INTERNATIONAL, MY (Id=48647099999,7.5KM), WMSA (Id=WMSA,7.5KM), KUALA LUMPUR INTERNATIONAL, MY (Id=48650099999,45.0KM), WMKK (Id=WMKK,46.0KM)"
"Selangor, Malaysia",08/06/2010,33,26,29.2,,40.6,0,,,18.2,162.88,,8.9,89,81.73,Overcast,"SULTAN ABDUL AZIZ SHAH INTERNATIONAL, MY (Id=48647099999,7.5KM), WMSA (Id=WMSA,7.5KM), KUALA LUMPUR INTERNATIONAL, MY (Id=48650099999,45.0KM), WMKK (Id=WMKK,46.0KM)"
"Selangor, Malaysia",08/07/2010,30.9,26.8,28.4,,38.9,0,,,12.8,230.21,,8.3,89.5,86.33,Overcast,"SULTAN ABDUL AZIZ SHAH INTERNATIONAL, MY (Id=48647099999,7.5KM), WMSA (Id=WMSA,7.5KM), KUALA LUMPUR INTERNATIONAL, MY (Id=48650099999,45.0KM), WMKK (Id=WMKK,46.0KM)"
"Selangor, Malaysia",08/08/2010,33,26,28.9,,42,1,,,14.7,136.81,,8.3,89.3,82.67,"Rain, Overcast","SULTAN ABDUL AZIZ SHAH INTERNATIONAL, MY (Id=48647099999,7.5KM), WMSA (Id=WMSA,7.5KM), KUALA LUMPUR INTERNATIONAL, MY (Id=48650099999,45.0KM), WMKK (Id=WMKK,46.0KM)"
"Selangor, Malaysia",08/09/2010,32.9,24.9,29,,40.5,0,,,16.3,143.5,33.5,10,89.1,78.13,Overcast,"SULTAN ABDUL AZIZ SHAH INTERNATIONAL, MY (Id=48647099999,7.5KM), WMSA (Id=WMSA,7.5KM), KUALA LUMPUR INTERNATIONAL, MY (Id=48650099999,45.0KM), WMKK (Id=WMKK,46.0KM)"
"Selangor, Malaysia",08/10/2010,33.7,26,29.7,,41.5,0,,,14.6,121.79,,10.5,89,77.75,Overcast,"SULTAN ABDUL AZIZ SHAH INTERNATIONAL, MY (Id=48647099999,7.5KM), WMSA (Id=WMSA,7.5KM), KUALA LUMPUR INTERNATIONAL, MY (Id=48650099999,45.0KM), WMKK (Id=WMKK,46.0KM)"
"Selangor, Malaysia",08/11/2010,33.9,26.9,29.9,,43.4,0,,,23.9,104.46,,8.8,89.1,77.51,Overcast,"SULTAN ABDUL AZIZ SHAH INTERNATIONAL, MY (Id=48647099999,7.5KM), WMSA (Id=WMSA,7.5KM), KUALA LUMPUR INTERNATIONAL, MY (Id=48650099999,45.0KM), WMKK (Id=WMKK,46.0KM)"
"Selangor, Malaysia",08/12/2010,35.9,26,30.5,,50.7,0,,,20.6,106.21,,9.6,89.1,77.12,Overcast,"SULTAN ABDUL AZIZ SHAH INTERNATIONAL, MY (Id=48647099999,7.5KM), WMSA (Id=WMSA,7.5KM), KUALA LUMPUR INTERNATIONAL, MY (Id=48650099999,45.0KM), WMKK (Id=WMKK,46.0KM)"
"Selangor, Malaysia",08/13/2010,31.8,25.1,27.9,,40.8,72.9,,,16.5,240.88,,7.2,90.4,87.32,"Rain, Overcast","SULTAN ABDUL AZIZ SHAH INTERNATIONAL, MY (Id=48647099999,7.5KM), WMSA (Id=WMSA,7.5KM), KUALA LUMPUR INTERNATIONAL, MY (Id=48650099999,45.0KM), WMKK (Id=WMKK,46.0KM)"
"Selangor, Malaysia",08/14/2010,32.9,25,28.6,,41.8,3,,,14.6,201.83,,9.2,89.1,83.77,"Rain, Overcast","SULTAN ABDUL AZIZ SHAH INTERNATIONAL, MY (Id=48647099999,7.5KM), WMSA (Id=WMSA,7.5KM), KUALA LUMPUR INTERNATIONAL, MY (Id=48650099999,45.0KM), WMKK (Id=WMKK,46.0KM)"
"Selangor, Malaysia",08/15/2010,33.9,26,28.3,,41.9,4.9,,,11.2,204.43,,8.6,89.1,86.08,"Rain, Overcast","SULTAN ABDUL AZIZ SHAH INTERNATIONAL, MY (Id=48647099999,7.5KM), WMSA (Id=WMSA,7.5KM), KUALA LUMPUR INTERNATIONAL, MY (Id=48650099999,45.0KM), WMKK (Id=WMKK,46.0KM)"
"Selangor, Malaysia",08/16/2010,33.1,24.9,28.2,,42,23.1,,,21.8,225.67,53.6,8.4,89.5,86.36,"Rain, Overcast","SULTAN ABDUL AZIZ SHAH INTERNATIONAL, MY (Id=48647099999,7.5KM), WMSA (Id=WMSA,7.5KM), KUALA LUMPUR INTERNATIONAL, MY (Id=48650099999,45.0KM), WMKK (Id=WMKK,46.0KM)"
"Selangor, Malaysia",08/17/2010,32,25,26.8,,40.8,43.2,,,18.1,221.13,33.5,7.4,90,90.06,"Rain, Overcast","SULTAN ABDUL AZIZ SHAH INTERNATIONAL, MY (Id=48647099999,7.5KM), WMSA (Id=WMSA,7.5KM), KUALA LUMPUR INTERNATIONAL, MY (Id=48650099999,45.0KM), WMKK (Id=WMKK,46.0KM)"
"Selangor, Malaysia",08/18/2010,32.9,24,27.7,,41.1,0.8,,,12.9,133.96,,9.5,90,86.32,"Rain, Overcast","SULTAN ABDUL AZIZ SHAH INTERNATIONAL, MY (Id=48647099999,7.5KM), WMSA (Id=WMSA,7.5KM), KUALA LUMPUR INTERNATIONAL, MY (Id=48650099999,45.0KM), WMKK (Id=WMKK,46.0KM)"
"Selangor, Malaysia",08/19/2010,32.9,24,28.1,,40.5,6.1,,,16.3,132.17,,9.6,89.7,82.85,"Rain, Overcast","SULTAN ABDUL AZIZ SHAH INTERNATIONAL, MY (Id=48647099999,7.5KM), WMSA (Id=WMSA,7.5KM), KUALA LUMPUR INTERNATIONAL, MY (Id=48650099999,45.0KM), WMKK (Id=WMKK,46.0KM)"
"Selangor, Malaysia",08/20/2010,32.9,24.8,28.6,,39.2,0.8,,,16.4,123.79,,9.9,89.2,76.32,"Rain, Overcast","SULTAN ABDUL AZIZ SHAH INTERNATIONAL, MY (Id=48647099999,7.5KM), WMSA (Id=WMSA,7.5KM), KUALA LUMPUR INTERNATIONAL, MY (Id=48650099999,45.0KM), WMKK (Id=WMKK,46.0KM)"
"Selangor, Malaysia",08/21/2010,33.9,26,29.6,,41.9,0,,,12.8,149.46,,9.9,89.2,74.55,Overcast,"SULTAN ABDUL AZIZ SHAH INTERNATIONAL, MY (Id=48647099999,7.5KM), WMSA (Id=WMSA,7.5KM), KUALA LUMPUR INTERNATIONAL, MY (Id=48650099999,45.0KM), WMKK (Id=WMKK,46.0KM)"
"Selangor, Malaysia",08/22/2010,34.9,26,29.6,,41.9,0,,,18.1,223.13,,10.3,89.5,75,Overcast,"SULTAN ABDUL AZIZ SHAH INTERNATIONAL, MY (Id=48647099999,7.5KM), WMSA (Id=WMSA,7.5KM), KUALA LUMPUR INTERNATIONAL, MY (Id=48650099999,45.0KM), WMKK (Id=WMKK,46.0KM)"
"Selangor, Malaysia",08/23/2010,32.9,26,29.3,,40.7,0,,,12.6,169.92,35.3,8.9,89.1,80.31,Overcast,"SULTAN ABDUL AZIZ SHAH INTERNATIONAL, MY (Id=48647099999,7.5KM), WMSA (Id=WMSA,7.5KM), KUALA LUMPUR INTERNATIONAL, MY (Id=48650099999,45.0KM), WMKK (Id=WMKK,46.0KM)"
"Selangor, Malaysia",08/24/2010,34.9,27,30.8,,44.9,0,,,22.4,134.08,,9.9,89.1,72.51,Overcast,"SULTAN ABDUL AZIZ SHAH INTERNATIONAL, MY (Id=48647099999,7.5KM), WMSA (Id=WMSA,7.5KM), KUALA LUMPUR INTERNATIONAL, MY (Id=48650099999,45.0KM), WMKK (Id=WMKK,46.0KM)"
"Selangor, Malaysia",08/25/2010,34.9,27.8,30.7,,44.9,0,,,20.4,126.83,,10,89,71.69,Overcast,"SULTAN ABDUL AZIZ SHAH INTERNATIONAL, MY (Id=48647099999,7.5KM), WMSA (Id=WMSA,7.5KM), KUALA LUMPUR INTERNATIONAL, MY (Id=48650099999,45.0KM), WMKK (Id=WMKK,46.0KM)"
"Selangor, Malaysia",08/26/2010,34.1,26,29.8,,43.3,0,,,16.3,110.83,,9.8,89.1,75.46,Overcast,"SULTAN ABDUL AZIZ SHAH INTERNATIONAL, MY (Id=48647099999,7.5KM), WMSA (Id=WMSA,7.5KM), KUALA LUMPUR INTERNATIONAL, MY (Id=48650099999,45.0KM), WMKK (Id=WMKK,46.0KM)"
"Selangor, Malaysia",08/27/2010,33.8,26,28.5,,42.1,0.3,,,18,172.96,,6.7,89.1,80.98,"Rain, Overcast","SULTAN ABDUL AZIZ SHAH INTERNATIONAL, MY (Id=48647099999,7.5KM), WMSA (Id=WMSA,7.5KM), KUALA LUMPUR INTERNATIONAL, MY (Id=48650099999,45.0KM), WMKK (Id=WMKK,46.0KM)"
"Selangor, Malaysia",08/28/2010,33.9,25.7,29.6,,43.4,0.3,,,11,194.67,,8.4,89,77.37,"Rain, Overcast","SULTAN ABDUL AZIZ SHAH INTERNATIONAL, MY (Id=48647099999,7.5KM), WMSA (Id=WMSA,7.5KM), KUALA LUMPUR INTERNATIONAL, MY (Id=48650099999,45.0KM), WMKK (Id=WMKK,46.0KM)"
"Selangor, Malaysia",08/29/2010,34.9,26,30,,41.9,0,,,18.3,175.88,,9.8,89,73.11,Overcast,"SULTAN ABDUL AZIZ SHAH INTERNATIONAL, MY (Id=48647099999,7.5KM), WMSA (Id=WMSA,7.5KM), KUALA LUMPUR INTERNATIONAL, MY (Id=48650099999,45.0KM), WMKK (Id=WMKK,46.0KM)"
"Selangor, Malaysia",08/30/2010,34.7,26.8,28.6,,41.9,3,,,14.8,159.83,,9.5,89,81.06,"Rain, Overcast","SULTAN ABDUL AZIZ SHAH INTERNATIONAL, MY (Id=48647099999,7.5KM), WMSA (Id=WMSA,7.5KM), KUALA LUMPUR INTERNATIONAL, MY (Id=48650099999,45.0KM), WMKK (Id=WMKK,46.0KM)"
"Selangor, Malaysia",08/31/2010,33.8,25,27.8,,43,29,,,23.8,137.08,,7.3,89,87.52,"Rain, Overcast","SULTAN ABDUL AZIZ SHAH INTERNATIONAL, MY (Id=48647099999,7.5KM), WMSA (Id=WMSA,7.5KM), KUALA LUMPUR INTERNATIONAL, MY (Id=48650099999,45.0KM), WMKK (Id=WMKK,46.0KM)"
"Selangor, Malaysia",09/01/2010,32.9,25,28.8,,41.8,0,,,20.4,214.67,,9.2,89.1,80.14,Overcast,"SULTAN ABDUL AZIZ SHAH INTERNATIONAL, MY (Id=48647099999,7.5KM), WMSA (Id=WMSA,7.5KM), KUALA LUMPUR INTERNATIONAL, MY (Id=48650099999,45.0KM), WMKK (Id=WMKK,46.0KM)"
"Selangor, Malaysia",09/02/2010,33.9,26,29.7,,42,0,,,18.2,102.42,,9.4,89.1,77.23,Overcast,"SULTAN ABDUL AZIZ SHAH INTERNATIONAL, MY (Id=48647099999,7.5KM), WMSA (Id=WMSA,7.5KM), KUALA LUMPUR INTERNATIONAL, MY (Id=48650099999,45.0KM), WMKK (Id=WMKK,46.0KM)"
"Selangor, Malaysia",09/03/2010,33.9,25,29.5,,40.7,6.1,,,14.7,168.13,25.9,11,89,73.67,"Rain, Overcast","SULTAN ABDUL AZIZ SHAH INTERNATIONAL, MY (Id=48647099999,7.5KM), WMSA (Id=WMSA,7.5KM), KUALA LUMPUR INTERNATIONAL, MY (Id=48650099999,45.0KM), WMKK (Id=WMKK,46.0KM)"
"Selangor, Malaysia",09/04/2010,33.9,26,29.3,,42,0.5,,,14.6,181.33,,9,89.4,80.26,"Rain, Overcast","SULTAN ABDUL AZIZ SHAH INTERNATIONAL, MY (Id=48647099999,7.5KM), WMSA (Id=WMSA,7.5KM), KUALA LUMPUR INTERNATIONAL, MY (Id=48650099999,45.0KM), WMKK (Id=WMKK,46.0KM)"
"Selangor, Malaysia",09/05/2010,32.8,25.9,28.2,,41.8,7.1,,,14.5,150.13,,9.7,90,85.07,"Rain, Overcast","SULTAN ABDUL AZIZ SHAH INTERNATIONAL, MY (Id=48647099999,7.5KM), WMSA (Id=WMSA,7.5KM), KUALA LUMPUR INTERNATIONAL, MY (Id=48650099999,45.0KM), WMKK (Id=WMKK,46.0KM)"
"Selangor, Malaysia",09/06/2010,30.8,25,27.1,,37.7,3,,,11.5,106.38,50,9.1,90.4,88.25,"Rain, Overcast","SULTAN ABDUL AZIZ SHAH INTERNATIONAL, MY (Id=48647099999,7.5KM), WMSA (Id=WMSA,7.5KM), KUALA LUMPUR INTERNATIONAL, MY (Id=48650099999,45.0KM), WMKK (Id=WMKK,46.0KM)"
"Selangor, Malaysia",09/07/2010,34.9,24.8,28.9,,44.5,0,,,14.5,211.83,25.9,8.6,89.1,79.08,Overcast,"SULTAN ABDUL AZIZ SHAH INTERNATIONAL, MY (Id=48647099999,7.5KM), WMSA (Id=WMSA,7.5KM), KUALA LUMPUR INTERNATIONAL, MY (Id=48650099999,45.0KM), WMKK (Id=WMKK,46.0KM)"
"Selangor, Malaysia",09/08/2010,32.9,24.2,27.1,,40.7,39.1,,,30.7,64.21,59.4,6.9,92.2,89.44,"Rain, Overcast","SULTAN ABDUL AZIZ SHAH INTERNATIONAL, MY (Id=48647099999,7.5KM), WMSA (Id=WMSA,7.5KM), KUALA LUMPUR INTERNATIONAL, MY (Id=48650099999,45.0KM), WMKK (Id=WMKK,46.0KM)"
"Selangor, Malaysia",09/09/2010,33.9,25,28.6,,43.5,0.8,,,9.4,213.08,22.3,8.6,89.1,81.3,"Rain, Overcast","SULTAN ABDUL AZIZ SHAH INTERNATIONAL, MY (Id=48647099999,7.5KM), WMSA (Id=WMSA,7.5KM), KUALA LUMPUR INTERNATIONAL, MY (Id=48650099999,45.0KM), WMKK (Id=WMKK,46.0KM)"
"Selangor, Malaysia",09/10/2010,30.9,24,27.1,,37.7,16,,,14.4,161.74,25.9,9.1,90.4,87.91,"Rain, Overcast","SULTAN ABDUL AZIZ SHAH INTERNATIONAL, MY (Id=48647099999,7.5KM), WMSA (Id=WMSA,7.5KM), KUALA LUMPUR INTERNATIONAL, MY (Id=48650099999,45.0KM), WMKK (Id=WMKK,46.0KM)"
"Selangor, Malaysia",09/11/2010,33.9,24.9,27.6,,42,2,,,20.3,135.33,,8.9,89.5,86.03,"Rain, Overcast","SULTAN ABDUL AZIZ SHAH INTERNATIONAL, MY (Id=48647099999,7.5KM), WMSA (Id=WMSA,7.5KM), KUALA LUMPUR INTERNATIONAL, MY (Id=48650099999,45.0KM), WMKK (Id=WMKK,46.0KM)"
"Selangor, Malaysia",09/12/2010,33.9,25,29.4,,43.5,0,,,14.7,178.09,,8,89,78.92,Overcast,"SULTAN ABDUL AZIZ SHAH INTERNATIONAL, MY (Id=48647099999,7.5KM), WMSA (Id=WMSA,7.5KM), KUALA LUMPUR INTERNATIONAL, MY (Id=48650099999,45.0KM), WMKK (Id=WMKK,46.0KM)"
"Selangor, Malaysia",09/13/2010,33.9,24.9,29,,43.5,2.3,,,14.8,171.54,,8.9,89.6,79.37,"Rain, Overcast","SULTAN ABDUL AZIZ SHAH INTERNATIONAL, MY (Id=48647099999,7.5KM), WMSA (Id=WMSA,7.5KM), KUALA LUMPUR INTERNATIONAL, MY (Id=48650099999,45.0KM), WMKK (Id=WMKK,46.0KM)"
"Selangor, Malaysia",09/14/2010,33,24,28.8,,42,8.7,,,23.9,231.21,,9.5,89.5,80.95,"Rain, Overcast","SULTAN ABDUL AZIZ SHAH INTERNATIONAL, MY (Id=48647099999,7.5KM), WMSA (Id=WMSA,7.5KM), KUALA LUMPUR INTERNATIONAL, MY (Id=48650099999,45.0KM), WMKK (Id=WMKK,46.0KM)"
"Selangor, Malaysia",09/15/2010,32.9,25.9,28.3,,42,0,,,20.4,272.42,37.1,9.2,89,79.01,Overcast,"SULTAN ABDUL AZIZ SHAH INTERNATIONAL, MY (Id=48647099999,7.5KM), WMSA (Id=WMSA,7.5KM), KUALA LUMPUR INTERNATIONAL, MY (Id=48650099999,45.0KM), WMKK (Id=WMKK,46.0KM)"
"Selangor, Malaysia",09/16/2010,34.4,25,29.4,,42.1,0,,,16.3,173.63,,9.2,89.2,74.86,Overcast,"SULTAN ABDUL AZIZ SHAH INTERNATIONAL, MY (Id=48647099999,7.5KM), WMSA (Id=WMSA,7.5KM), KUALA LUMPUR INTERNATIONAL, MY (Id=48650099999,45.0KM), WMKK (Id=WMKK,46.0KM)"
"Selangor, Malaysia",09/17/2010,29,24,27.1,,34.6,24.4,,,20.5,195.92,38.9,9.1,91.8,85.55,"Rain, Overcast","SULTAN ABDUL AZIZ SHAH INTERNATIONAL, MY (Id=48647099999,7.5KM), WMSA (Id=WMSA,7.5KM), KUALA LUMPUR INTERNATIONAL, MY (Id=48650099999,45.0KM), WMKK (Id=WMKK,46.0KM)"
"Selangor, Malaysia",09/18/2010,33.3,25,28.6,,40.7,0,,,11.1,184.04,,9.4,89.2,80.24,Overcast,"SULTAN ABDUL AZIZ SHAH INTERNATIONAL, MY (Id=48647099999,7.5KM), WMSA (Id=WMSA,7.5KM), KUALA LUMPUR INTERNATIONAL, MY (Id=48650099999,45.0KM), WMKK (Id=WMKK,46.0KM)"
"Selangor, Malaysia",09/19/2010,34.1,24.9,28.6,,43.4,4.8,,,11.2,157.29,,9.3,90.8,82.24,"Rain, Overcast","SULTAN ABDUL AZIZ SHAH INTERNATIONAL, MY (Id=48647099999,7.5KM), WMSA (Id=WMSA,7.5KM), KUALA LUMPUR INTERNATIONAL, MY (Id=48650099999,45.0KM), WMKK (Id=WMKK,46.0KM)"
"Selangor, Malaysia",09/20/2010,34,26,28.8,,43.2,0,,,12.8,172.09,,7.2,89.6,81.99,Overcast,"SULTAN ABDUL AZIZ SHAH INTERNATIONAL, MY (Id=48647099999,7.5KM), WMSA (Id=WMSA,7.5KM), KUALA LUMPUR INTERNATIONAL, MY (Id=48650099999,45.0KM), WMKK (Id=WMKK,46.0KM)"
"Selangor, Malaysia",09/21/2010,32.9,24.2,27.4,,44,46,,,18.3,137.25,,6.8,89.7,89.12,"Rain, Overcast","SULTAN ABDUL AZIZ SHAH INTERNATIONAL, MY (Id=48647099999,7.5KM), WMSA (Id=WMSA,7.5KM), KUALA LUMPUR INTERNATIONAL, MY (Id=48650099999,45.0KM), WMKK (Id=WMKK,46.0KM)"
"Selangor, Malaysia",09/22/2010,31.9,25,27.6,,40.6,2,,,22.1,92.83,31.3,7.9,89,89.83,"Rain, Overcast","SULTAN ABDUL AZIZ SHAH INTERNATIONAL, MY (Id=48647099999,7.5KM), WMSA (Id=WMSA,7.5KM), KUALA LUMPUR INTERNATIONAL, MY (Id=48650099999,45.0KM), WMKK (Id=WMKK,46.0KM)"
"Selangor, Malaysia",09/23/2010,31.9,25,27.6,,40.6,4.1,,,16.4,267.96,,7.6,90.2,87.93,"Rain, Overcast","SULTAN ABDUL AZIZ SHAH INTERNATIONAL, MY (Id=48647099999,7.5KM), WMSA (Id=WMSA,7.5KM), KUALA LUMPUR INTERNATIONAL, MY (Id=48650099999,45.0KM), WMKK (Id=WMKK,46.0KM)"
"Selangor, Malaysia",09/24/2010,32.9,25.6,27.7,,42,5.1,,,16.3,234.54,,8.3,89.3,87.48,"Rain, Overcast","SULTAN ABDUL AZIZ SHAH INTERNATIONAL, MY (Id=48647099999,7.5KM), WMSA (Id=WMSA,7.5KM), KUALA LUMPUR INTERNATIONAL, MY (Id=48650099999,45.0KM), WMKK (Id=WMKK,46.0KM)"
"Selangor, Malaysia",09/25/2010,32,25,27.5,,40.7,10.9,,,14.7,123.33,,7.3,89,89.68,"Rain, Overcast","SULTAN ABDUL AZIZ SHAH INTERNATIONAL, MY (Id=48647099999,7.5KM), WMSA (Id=WMSA,7.5KM), KUALA LUMPUR INTERNATIONAL, MY (Id=48650099999,45.0KM), WMKK (Id=WMKK,46.0KM)"
"Selangor, Malaysia",09/26/2010,34,25,27.8,,43.2,4.1,,,14.7,98.88,,9.1,89.2,88.2,"Rain, Overcast","SULTAN ABDUL AZIZ SHAH INTERNATIONAL, MY (Id=48647099999,7.5KM), WMSA (Id=WMSA,7.5KM), KUALA LUMPUR INTERNATIONAL, MY (Id=48650099999,45.0KM), WMKK (Id=WMKK,46.0KM)"
"Selangor, Malaysia",09/27/2010,32.9,25,27.5,,42,39.1,,,20,114.04,,7.2,89.9,87.2,"Rain, Overcast","SULTAN ABDUL AZIZ SHAH INTERNATIONAL, MY (Id=48647099999,7.5KM), WMSA (Id=WMSA,7.5KM), KUALA LUMPUR INTERNATIONAL, MY (Id=48650099999,45.0KM), WMKK (Id=WMKK,46.0KM)"
"Selangor, Malaysia",09/28/2010,32,24.1,27.6,,39.2,7.1,,,12.9,234.7,,9.4,90.3,84.89,"Rain, Overcast","SULTAN ABDUL AZIZ SHAH INTERNATIONAL, MY (Id=48647099999,7.5KM), WMSA (Id=WMSA,7.5KM), KUALA LUMPUR INTERNATIONAL, MY (Id=48650099999,45.0KM), WMKK (Id=WMKK,46.0KM)"
"Selangor, Malaysia",09/29/2010,31.9,25.9,28.2,,40.6,0,,,14.4,198.86,,9.6,89.3,84.74,Overcast,"SULTAN ABDUL AZIZ SHAH INTERNATIONAL, MY (Id=48647099999,7.5KM), WMSA (Id=WMSA,7.5KM), KUALA LUMPUR INTERNATIONAL, MY (Id=48650099999,45.0KM), WMKK (Id=WMKK,46.0KM)"
"Selangor, Malaysia",09/30/2010,31.5,24.1,27.2,,38.7,58.7,,,9.3,207.05,,8.9,90.3,88.41,"Rain, Overcast","SULTAN ABDUL AZIZ SHAH INTERNATIONAL, MY (Id=48647099999,7.5KM), WMSA (Id=WMSA,7.5KM), KUALA LUMPUR INTERNATIONAL, MY (Id=48650099999,45.0KM), WMKK (Id=WMKK,46.0KM)"
"Selangor, Malaysia",10/01/2010,32,25,27.8,,40.6,1,,,18.2,200.79,,8.3,89.2,87.35,"Rain, Overcast","SULTAN ABDUL AZIZ SHAH INTERNATIONAL, MY (Id=48647099999,7.5KM), WMSA (Id=WMSA,7.5KM), KUALA LUMPUR INTERNATIONAL, MY (Id=48650099999,45.0KM), WMKK (Id=WMKK,46.0KM)"
"Selangor, Malaysia",10/02/2010,33,24.9,28.3,,43.2,0,,,29.2,183.92,53.6,7.7,89.9,84.65,Overcast,"SULTAN ABDUL AZIZ SHAH INTERNATIONAL, MY (Id=48647099999,7.5KM), WMSA (Id=WMSA,7.5KM), KUALA LUMPUR INTERNATIONAL, MY (Id=48650099999,45.0KM), WMKK (Id=WMKK,46.0KM)"
"Selangor, Malaysia",10/03/2010,32.9,25,28.6,,40.5,14,,,12.9,179.25,,10.1,89.9,81.62,"Rain, Overcast","SULTAN ABDUL AZIZ SHAH INTERNATIONAL, MY (Id=48647099999,7.5KM), WMSA (Id=WMSA,7.5KM), KUALA LUMPUR INTERNATIONAL, MY (Id=48650099999,45.0KM), WMKK (Id=WMKK,46.0KM)"
"Selangor, Malaysia",10/04/2010,33.9,24.8,29.4,,43.4,7.9,,,16.6,149.54,,9.6,89.5,79.53,"Rain, Overcast","SULTAN ABDUL AZIZ SHAH INTERNATIONAL, MY (Id=48647099999,7.5KM), WMSA (Id=WMSA,7.5KM), KUALA LUMPUR INTERNATIONAL, MY (Id=48650099999,45.0KM), WMKK (Id=WMKK,46.0KM)"
"Selangor, Malaysia",10/05/2010,32.9,26,28.2,,41.9,8.1,,,16.4,120.58,31.3,9.4,89,85.91,"Rain, Overcast","SULTAN ABDUL AZIZ SHAH INTERNATIONAL, MY (Id=48647099999,7.5KM), WMSA (Id=WMSA,7.5KM), KUALA LUMPUR INTERNATIONAL, MY (Id=48650099999,45.0KM), WMKK (Id=WMKK,46.0KM)"
"Selangor, Malaysia",10/06/2010,34,26,29.3,,43.4,0,,,14.7,178.46,,9.1,89,80.03,Overcast,"SULTAN ABDUL AZIZ SHAH INTERNATIONAL, MY (Id=48647099999,7.5KM), WMSA (Id=WMSA,7.5KM), KUALA LUMPUR INTERNATIONAL, MY (Id=48650099999,45.0KM), WMKK (Id=WMKK,46.0KM)"
"Selangor, Malaysia",10/07/2010,32.7,25.9,29.2,,41.3,0,,,7.5,141.79,,9.7,89.9,79.86,Overcast,"SULTAN ABDUL AZIZ SHAH INTERNATIONAL, MY (Id=48647099999,7.5KM), WMSA (Id=WMSA,7.5KM), KUALA LUMPUR INTERNATIONAL, MY (Id=48650099999,45.0KM), WMKK (Id=WMKK,46.0KM)"
"Selangor, Malaysia",10/08/2010,33.9,26.8,28.7,,43.5,0,,,13.1,157.79,,7.4,89.1,82.38,Overcast,"SULTAN ABDUL AZIZ SHAH INTERNATIONAL, MY (Id=48647099999,7.5KM), WMSA (Id=WMSA,7.5KM), KUALA LUMPUR INTERNATIONAL, MY (Id=48650099999,45.0KM), WMKK (Id=WMKK,46.0KM)"
"Selangor, Malaysia",10/09/2010,35,26,30,,41.9,0,,,16.6,245,,8.8,89,76.71,Overcast,"SULTAN ABDUL AZIZ SHAH INTERNATIONAL, MY (Id=48647099999,7.5KM), WMSA (Id=WMSA,7.5KM), KUALA LUMPUR INTERNATIONAL, MY (Id=48650099999,45.0KM), WMKK (Id=WMKK,46.0KM)"
"Selangor, Malaysia",10/10/2010,34.9,27,29.8,,41.8,0,,,16.3,243.58,,9.5,89.5,76.84,Overcast,"SULTAN ABDUL AZIZ SHAH INTERNATIONAL, MY (Id=48647099999,7.5KM), WMSA (Id=WMSA,7.5KM), KUALA LUMPUR INTERNATIONAL, MY (Id=48650099999,45.0KM), WMKK (Id=WMKK,46.0KM)"
"Selangor, Malaysia",10/11/2010,35.9,26,30.3,,44.6,0.3,,,16.5,198.92,,9.8,89.1,72.93,"Rain, Overcast","SULTAN ABDUL AZIZ SHAH INTERNATIONAL, MY (Id=48647099999,7.5KM), WMSA (Id=WMSA,7.5KM), KUALA LUMPUR INTERNATIONAL, MY (Id=48650099999,45.0KM), WMKK (Id=WMKK,46.0KM)"
"Selangor, Malaysia",10/12/2010,36,27,30.8,,44.7,0,,,14.7,224.33,,10.4,89,72.31,Overcast,"SULTAN ABDUL AZIZ SHAH INTERNATIONAL, MY (Id=48647099999,7.5KM), WMSA (Id=WMSA,7.5KM), KUALA LUMPUR INTERNATIONAL, MY (Id=48650099999,45.0KM), WMKK (Id=WMKK,46.0KM)"
"Selangor, Malaysia",10/13/2010,35.9,27,30.5,,41.9,0,,,16.3,214.42,,10.3,89,71.69,Overcast,"SULTAN ABDUL AZIZ SHAH INTERNATIONAL, MY (Id=48647099999,7.5KM), WMSA (Id=WMSA,7.5KM), KUALA LUMPUR INTERNATIONAL, MY (Id=48650099999,45.0KM), WMKK (Id=WMKK,46.0KM)"
"Selangor, Malaysia",10/14/2010,34.9,27.8,30.3,,41.8,0,,,22.1,150.17,,9.9,89,71.91,Overcast,"SULTAN ABDUL AZIZ SHAH INTERNATIONAL, MY (Id=48647099999,7.5KM), WMSA (Id=WMSA,7.5KM), KUALA LUMPUR INTERNATIONAL, MY (Id=48650099999,45.0KM), WMKK (Id=WMKK,46.0KM)"
"Selangor, Malaysia",10/15/2010,35.9,26,30.4,,43.2,0,,,14.8,276.96,,9.4,89,72.03,Overcast,"SULTAN ABDUL AZIZ SHAH INTERNATIONAL, MY (Id=48647099999,7.5KM), WMSA (Id=WMSA,7.5KM), KUALA LUMPUR INTERNATIONAL, MY (Id=48650099999,45.0KM), WMKK (Id=WMKK,46.0KM)"
"Selangor, Malaysia",10/16/2010,35.9,25.9,30.4,,44.6,0,,,14.7,196.46,,8.8,89,72.13,Overcast,"SULTAN ABDUL AZIZ SHAH INTERNATIONAL, MY (Id=48647099999,7.5KM), WMSA (Id=WMSA,7.5KM), KUALA LUMPUR INTERNATIONAL, MY (Id=48650099999,45.0KM), WMKK (Id=WMKK,46.0KM)"
"Selangor, Malaysia",10/17/2010,33.9,26,29.8,,43.4,0,,,14.6,137.63,,8.5,89,77.16,Overcast,"SULTAN ABDUL AZIZ SHAH INTERNATIONAL, MY (Id=48647099999,7.5KM), WMSA (Id=WMSA,7.5KM), KUALA LUMPUR INTERNATIONAL, MY (Id=48650099999,45.0KM), WMKK (Id=WMKK,46.0KM)"
"Selangor, Malaysia",10/18/2010,33.9,24,29.4,,42,14,,,20.1,167.71,38.9,9,89,77.03,"Rain, Overcast","SULTAN ABDUL AZIZ SHAH INTERNATIONAL, MY (Id=48647099999,7.5KM), WMSA (Id=WMSA,7.5KM), KUALA LUMPUR INTERNATIONAL, MY (Id=48650099999,45.0KM), WMKK (Id=WMKK,46.0KM)"
"Selangor, Malaysia",10/19/2010,34.9,26.9,30,,43.4,0,,,16.5,133.71,,9.6,89.1,77.45,Overcast,"SULTAN ABDUL AZIZ SHAH INTERNATIONAL, MY (Id=48647099999,7.5KM), WMSA (Id=WMSA,7.5KM), KUALA LUMPUR INTERNATIONAL, MY (Id=48650099999,45.0KM), WMKK (Id=WMKK,46.0KM)"
"Selangor, Malaysia",10/20/2010,34.9,26.9,30.3,,43.3,0,,,18.3,232.67,,8.6,89.1,75.13,Overcast,"SULTAN ABDUL AZIZ SHAH INTERNATIONAL, MY (Id=48647099999,7.5KM), WMSA (Id=WMSA,7.5KM), KUALA LUMPUR INTERNATIONAL, MY (Id=48650099999,45.0KM), WMKK (Id=WMKK,46.0KM)"
"Selangor, Malaysia",10/21/2010,33.9,25.9,29.6,,42,0,,,18.2,208.46,,9.4,89,77.32,Overcast,"SULTAN ABDUL AZIZ SHAH INTERNATIONAL, MY (Id=48647099999,7.5KM), WMSA (Id=WMSA,7.5KM), KUALA LUMPUR INTERNATIONAL, MY (Id=48650099999,45.0KM), WMKK (Id=WMKK,46.0KM)"
"Selangor, Malaysia",10/22/2010,33.9,26.9,29.2,,43.5,0,,,20.4,228.17,,9.5,90.8,80.95,Overcast,"SULTAN ABDUL AZIZ SHAH INTERNATIONAL, MY (Id=48647099999,7.5KM), WMSA (Id=WMSA,7.5KM), KUALA LUMPUR INTERNATIONAL, MY (Id=48650099999,45.0KM), WMKK (Id=WMKK,46.0KM)"
"Selangor, Malaysia",10/23/2010,34.9,25.1,28,,41.9,2,,,22,109.91,,6.6,89,84.19,"Rain, Overcast","SULTAN ABDUL AZIZ SHAH INTERNATIONAL, MY (Id=48647099999,7.5KM), WMSA (Id=WMSA,7.5KM), KUALA LUMPUR INTERNATIONAL, MY (Id=48650099999,45.0KM), WMKK (Id=WMKK,46.0KM)"
"Selangor, Malaysia",10/24/2010,32.9,25.8,28.1,,39.2,0,,,16.4,215.75,24.1,8.2,89,80.9,Overcast,"SULTAN ABDUL AZIZ SHAH INTERNATIONAL, MY (Id=48647099999,7.5KM), WMSA (Id=WMSA,7.5KM), KUALA LUMPUR INTERNATIONAL, MY (Id=48650099999,45.0KM), WMKK (Id=WMKK,46.0KM)"
"Selangor, Malaysia",10/25/2010,32.9,24.9,27.5,,40.6,1.5,,,25.3,148.92,44.3,8.8,89.4,83.23,"Rain, Overcast","SULTAN ABDUL AZIZ SHAH INTERNATIONAL, MY (Id=48647099999,7.5KM), WMSA (Id=WMSA,7.5KM), KUALA LUMPUR INTERNATIONAL, MY (Id=48650099999,45.0KM), WMKK (Id=WMKK,46.0KM)"
"Selangor, Malaysia",10/26/2010,32.9,25,28.3,,40.2,0,,,16.3,208.92,31.3,9.4,89.1,79.6,Overcast,"SULTAN ABDUL AZIZ SHAH INTERNATIONAL, MY (Id=48647099999,7.5KM), WMSA (Id=WMSA,7.5KM), KUALA LUMPUR INTERNATIONAL, MY (Id=48650099999,45.0KM), WMKK (Id=WMKK,46.0KM)"
"Selangor, Malaysia",10/27/2010,31,24.9,28.1,,36.4,0,,,14.6,214.92,,10.3,89.5,78.77,Overcast,"SULTAN ABDUL AZIZ SHAH INTERNATIONAL, MY (Id=48647099999,7.5KM), WMSA (Id=WMSA,7.5KM), KUALA LUMPUR INTERNATIONAL, MY (Id=48650099999,45.0KM), WMKK (Id=WMKK,46.0KM)"
"Selangor, Malaysia",10/28/2010,34.9,25.9,29.9,,41.9,0,,,14.7,285.13,,8.4,89.1,73.46,Overcast,"SULTAN ABDUL AZIZ SHAH INTERNATIONAL, MY (Id=48647099999,7.5KM), WMSA (Id=WMSA,7.5KM), KUALA LUMPUR INTERNATIONAL, MY (Id=48650099999,45.0KM), WMKK (Id=WMKK,46.0KM)"
"Selangor, Malaysia",10/29/2010,33.9,22.9,28.1,,40.6,79.5,,,20.3,270.92,,9.6,90.4,79.98,"Rain, Overcast","SULTAN ABDUL AZIZ SHAH INTERNATIONAL, MY (Id=48647099999,7.5KM), WMSA (Id=WMSA,7.5KM), KUALA LUMPUR INTERNATIONAL, MY (Id=48650099999,45.0KM), WMKK (Id=WMKK,46.0KM)"
"Selangor, Malaysia",10/30/2010,31.7,24,26.6,,39,18.6,,,16.4,273.5,,8.9,89.5,86.06,"Rain, Overcast","SULTAN ABDUL AZIZ SHAH INTERNATIONAL, MY (Id=48647099999,7.5KM), WMSA (Id=WMSA,7.5KM), KUALA LUMPUR INTERNATIONAL, MY (Id=48650099999,45.0KM), WMKK (Id=WMKK,46.0KM)"
"Selangor, Malaysia",10/31/2010,32.9,24,27.8,,39.2,2,,,22,228.46,,9.6,89,82.6,"Rain, Overcast","SULTAN ABDUL AZIZ SHAH INTERNATIONAL, MY (Id=48647099999,7.5KM), WMSA (Id=WMSA,7.5KM), KUALA LUMPUR INTERNATIONAL, MY (Id=48650099999,45.0KM), WMKK (Id=WMKK,46.0KM)"
"Selangor, Malaysia",11/01/2010,30.9,25,27.7,,37.8,0,,,25.7,314,,9.6,89.2,81.45,Overcast,"SULTAN ABDUL AZIZ SHAH INTERNATIONAL, MY (Id=48647099999,7.5KM), WMSA (Id=WMSA,7.5KM), KUALA LUMPUR INTERNATIONAL, MY (Id=48650099999,45.0KM), WMKK (Id=WMKK,46.0KM)"
"Selangor, Malaysia",11/02/2010,33,25,28.5,,40.6,0,,,11.1,225.46,,9.9,89.2,79.57,Overcast,"SULTAN ABDUL AZIZ SHAH INTERNATIONAL, MY (Id=48647099999,7.5KM), WMSA (Id=WMSA,7.5KM), KUALA LUMPUR INTERNATIONAL, MY (Id=48650099999,45.0KM), WMKK (Id=WMKK,46.0KM)"
"Selangor, Malaysia",11/03/2010,34.9,26.6,30,,41.9,0,,,14.6,114,,10.9,89.1,72.17,Overcast,"SULTAN ABDUL AZIZ SHAH INTERNATIONAL, MY (Id=48647099999,7.5KM), WMSA (Id=WMSA,7.5KM), KUALA LUMPUR INTERNATIONAL, MY (Id=48650099999,45.0KM), WMKK (Id=WMKK,46.0KM)"
"Selangor, Malaysia",11/04/2010,32.1,27.9,29.7,,39.1,0,,,12.8,109.38,,10.1,89.1,72.24,Overcast,"SULTAN ABDUL AZIZ SHAH INTERNATIONAL, MY (Id=48647099999,7.5KM), WMSA (Id=WMSA,7.5KM), KUALA LUMPUR INTERNATIONAL, MY (Id=48650099999,45.0KM), WMKK (Id=WMKK,46.0KM)"
"Selangor, Malaysia",11/05/2010,34.9,26,30.1,,40.8,0,,,18.2,175.91,,9.8,89,72.4,Overcast,"SULTAN ABDUL AZIZ SHAH INTERNATIONAL, MY (Id=48647099999,7.5KM), WMSA (Id=WMSA,7.5KM), KUALA LUMPUR INTERNATIONAL, MY (Id=48650099999,45.0KM), WMKK (Id=WMKK,46.0KM)"
"Selangor, Malaysia",11/06/2010,33.9,25.7,29,,42.1,0,,,22.2,250.21,,9.2,89.6,75.64,Overcast,"SULTAN ABDUL AZIZ SHAH INTERNATIONAL, MY (Id=48647099999,7.5KM), WMSA (Id=WMSA,7.5KM), KUALA LUMPUR INTERNATIONAL, MY (Id=48650099999,45.0KM), WMKK (Id=WMKK,46.0KM)"
"Selangor, Malaysia",11/07/2010,30,25,26.4,,36.3,1,,,22.2,221.08,,9,90.5,86.29,"Rain, Overcast","SULTAN ABDUL AZIZ SHAH INTERNATIONAL, MY (Id=48647099999,7.5KM), WMSA (Id=WMSA,7.5KM), KUALA LUMPUR INTERNATIONAL, MY (Id=48650099999,45.0KM), WMKK (Id=WMKK,46.0KM)"
"Selangor, Malaysia",11/08/2010,33.7,25,28.3,,40,0,,,20.4,278.71,,9.7,89,78.47,Overcast,"SULTAN ABDUL AZIZ SHAH INTERNATIONAL, MY (Id=48647099999,7.5KM), WMSA (Id=WMSA,7.5KM), KUALA LUMPUR INTERNATIONAL, MY (Id=48650099999,45.0KM), WMKK (Id=WMKK,46.0KM)"
"Selangor, Malaysia",11/09/2010,32,25,28.2,,38,0.5,,,16.6,281.13,,9.2,89,80.63,"Rain, Overcast","SULTAN ABDUL AZIZ SHAH INTERNATIONAL, MY (Id=48647099999,7.5KM), WMSA (Id=WMSA,7.5KM), KUALA LUMPUR INTERNATIONAL, MY (Id=48650099999,45.0KM), WMKK (Id=WMKK,46.0KM)"
"Selangor, Malaysia",11/10/2010,34.9,26,29.8,,40.6,0,,,14.6,248.33,,9.4,89,74.2,Overcast,"SULTAN ABDUL AZIZ SHAH INTERNATIONAL, MY (Id=48647099999,7.5KM), WMSA (Id=WMSA,7.5KM), KUALA LUMPUR INTERNATIONAL, MY (Id=48650099999,45.0KM), WMKK (Id=WMKK,46.0KM)"
"Selangor, Malaysia",11/11/2010,33.9,26,28,,41.9,4.9,,,22.1,256.71,42.5,8.2,90.5,84.06,"Rain, Overcast","SULTAN ABDUL AZIZ SHAH INTERNATIONAL, MY (Id=48647099999,7.5KM), WMSA (Id=WMSA,7.5KM), KUALA LUMPUR INTERNATIONAL, MY (Id=48650099999,45.0KM), WMKK (Id=WMKK,46.0KM)"
"Selangor, Malaysia",11/12/2010,30.7,25.1,27.4,,36.1,0,,,18.2,282.58,,10.1,89.9,83.82,Overcast,"SULTAN ABDUL AZIZ SHAH INTERNATIONAL, MY (Id=48647099999,7.5KM), WMSA (Id=WMSA,7.5KM), KUALA LUMPUR INTERNATIONAL, MY (Id=48650099999,45.0KM), WMKK (Id=WMKK,46.0KM)"
"Selangor, Malaysia",11/13/2010,33.9,25,29.1,,40.6,0.3,,,14.7,103.38,,9.5,89.1,75.65,"Rain, Overcast","SULTAN ABDUL AZIZ SHAH INTERNATIONAL, MY (Id=48647099999,7.5KM), WMSA (Id=WMSA,7.5KM), KUALA LUMPUR INTERNATIONAL, MY (Id=48650099999,45.0KM), WMKK (Id=WMKK,46.0KM)"
"Selangor, Malaysia",11/14/2010,33.9,25,28.2,,40.6,8.4,,,16.5,155.25,,9.5,90.8,81.86,"Rain, Overcast","SULTAN ABDUL AZIZ SHAH INTERNATIONAL, MY (Id=48647099999,7.5KM), WMSA (Id=WMSA,7.5KM), KUALA LUMPUR INTERNATIONAL, MY (Id=48650099999,45.0KM), WMKK (Id=WMKK,46.0KM)"
"Selangor, Malaysia",11/15/2010,33.9,24.2,27.6,,40.8,54.1,,,18.3,248.42,,8.1,89.5,83.99,"Rain, Overcast","SULTAN ABDUL AZIZ SHAH INTERNATIONAL, MY (Id=48647099999,7.5KM), WMSA (Id=WMSA,7.5KM), KUALA LUMPUR INTERNATIONAL, MY (Id=48650099999,45.0KM), WMKK (Id=WMKK,46.0KM)"
"Selangor, Malaysia",11/16/2010,32.9,24.9,27.1,,39.3,25.9,,,12.9,133.67,,8.5,89.5,87.17,"Rain, Overcast","SULTAN ABDUL AZIZ SHAH INTERNATIONAL, MY (Id=48647099999,7.5KM), WMSA (Id=WMSA,7.5KM), KUALA LUMPUR INTERNATIONAL, MY (Id=48650099999,45.0KM), WMKK (Id=WMKK,46.0KM)"
"Selangor, Malaysia",11/17/2010,32.7,24,27.4,,39.1,0,,,14.5,181.38,,7.4,89.5,85.75,Overcast,"SULTAN ABDUL AZIZ SHAH INTERNATIONAL, MY (Id=48647099999,7.5KM), WMSA (Id=WMSA,7.5KM), KUALA LUMPUR INTERNATIONAL, MY (Id=48650099999,45.0KM), WMKK (Id=WMKK,46.0KM)"
"Selangor, Malaysia",11/18/2010,34.9,24.9,28.2,,42,2,,,20.3,131.71,,9.2,89,82.41,"Rain, Overcast","SULTAN ABDUL AZIZ SHAH INTERNATIONAL, MY (Id=48647099999,7.5KM), WMSA (Id=WMSA,7.5KM), KUALA LUMPUR INTERNATIONAL, MY (Id=48650099999,45.0KM), WMKK (Id=WMKK,46.0KM)"
"Selangor, Malaysia",11/19/2010,32.9,25.7,27.9,,40.6,3.5,,,23.7,169.04,,7.8,86.5,84.43,"Rain, Overcast","SULTAN ABDUL AZIZ SHAH INTERNATIONAL, MY (Id=48647099999,7.5KM), WMSA (Id=WMSA,7.5KM), KUALA LUMPUR INTERNATIONAL, MY (Id=48650099999,45.0KM), WMKK (Id=WMKK,46.0KM)"
"Selangor, Malaysia",11/20/2010,33,23.8,27.7,,40.6,26.7,,,16.1,150.92,,8.1,89.9,84.11,"Rain, Overcast","SULTAN ABDUL AZIZ SHAH INTERNATIONAL, MY (Id=48647099999,7.5KM), WMSA (Id=WMSA,7.5KM), KUALA LUMPUR INTERNATIONAL, MY (Id=48650099999,45.0KM), WMKK (Id=WMKK,46.0KM)"
"Selangor, Malaysia",11/21/2010,34.9,24.9,29.4,,41.9,0,,,12.6,173.46,,9.9,89,77.36,Overcast,"SULTAN ABDUL AZIZ SHAH INTERNATIONAL, MY (Id=48647099999,7.5KM), WMSA (Id=WMSA,7.5KM), KUALA LUMPUR INTERNATIONAL, MY (Id=48650099999,45.0KM), WMKK (Id=WMKK,46.0KM)"
"Selangor, Malaysia",11/22/2010,32.7,24.8,28.7,,39.9,0.8,,,16.4,186.5,,9.1,89,79.99,"Rain, Overcast","SULTAN ABDUL AZIZ SHAH INTERNATIONAL, MY (Id=48647099999,7.5KM), WMSA (Id=WMSA,7.5KM), KUALA LUMPUR INTERNATIONAL, MY (Id=48650099999,45.0KM), WMKK (Id=WMKK,46.0KM)"
"Selangor, Malaysia",11/23/2010,31.9,25.9,27.4,,40.5,45.5,,,16.3,168.61,,6.5,89.5,89.92,"Rain, Overcast","SULTAN ABDUL AZIZ SHAH INTERNATIONAL, MY (Id=48647099999,7.5KM), WMSA (Id=WMSA,7.5KM), KUALA LUMPUR INTERNATIONAL, MY (Id=48650099999,45.0KM), WMKK (Id=WMKK,46.0KM)"
"Selangor, Malaysia",11/24/2010,34,26,29.6,,43.5,0,,,12.7,147.54,,8.6,89.1,78.39,Overcast,"SULTAN ABDUL AZIZ SHAH INTERNATIONAL, MY (Id=48647099999,7.5KM), WMSA (Id=WMSA,7.5KM), KUALA LUMPUR INTERNATIONAL, MY (Id=48650099999,45.0KM), WMKK (Id=WMKK,46.0KM)"
"Selangor, Malaysia",11/25/2010,33.9,25,27.7,,41.9,2,,,16.5,166.04,,9.1,89.9,85.16,"Rain, Overcast","SULTAN ABDUL AZIZ SHAH INTERNATIONAL, MY (Id=48647099999,7.5KM), WMSA (Id=WMSA,7.5KM), KUALA LUMPUR INTERNATIONAL, MY (Id=48650099999,45.0KM), WMKK (Id=WMKK,46.0KM)"
"Selangor, Malaysia",11/26/2010,32.8,24.9,27.9,,39.1,1,,,18.2,175.87,24.1,8.1,90.4,84.72,"Rain, Overcast","SULTAN ABDUL AZIZ SHAH INTERNATIONAL, MY (Id=48647099999,7.5KM), WMSA (Id=WMSA,7.5KM), KUALA LUMPUR INTERNATIONAL, MY (Id=48650099999,45.0KM), WMKK (Id=WMKK,46.0KM)"
"Selangor, Malaysia",11/27/2010,32,25,27,,40.6,57.1,,,22,194.71,,6.5,89.1,90.14,"Rain, Overcast","SULTAN ABDUL AZIZ SHAH INTERNATIONAL, MY (Id=48647099999,7.5KM), WMSA (Id=WMSA,7.5KM), KUALA LUMPUR INTERNATIONAL, MY (Id=48650099999,45.0KM), WMKK (Id=WMKK,46.0KM)"
"Selangor, Malaysia",11/28/2010,31.9,25,27.6,,40.6,1.5,,,12.9,185.83,,5.6,89.5,88.95,"Rain, Overcast","SULTAN ABDUL AZIZ SHAH INTERNATIONAL, MY (Id=48647099999,7.5KM), WMSA (Id=WMSA,7.5KM), KUALA LUMPUR INTERNATIONAL, MY (Id=48650099999,45.0KM), WMKK (Id=WMKK,46.0KM)"
"Selangor, Malaysia",11/29/2010,31.9,24.8,26.9,,39.3,9.9,,,12.7,204.17,,9.1,89.5,88.54,"Rain, Overcast","SULTAN ABDUL AZIZ SHAH INTERNATIONAL, MY (Id=48647099999,7.5KM), WMSA (Id=WMSA,7.5KM), KUALA LUMPUR INTERNATIONAL, MY (Id=48650099999,45.0KM), WMKK (Id=WMKK,46.0KM)"
"Selangor, Malaysia",11/30/2010,32,24.9,27.4,,40.6,2,,,14.5,236.21,,8.2,89.1,87.31,"Rain, Overcast","SULTAN ABDUL AZIZ SHAH INTERNATIONAL, MY (Id=48647099999,7.5KM), WMSA (Id=WMSA,7.5KM), KUALA LUMPUR INTERNATIONAL, MY (Id=48650099999,45.0KM), WMKK (Id=WMKK,46.0KM)"
"Selangor, Malaysia",12/01/2010,33.1,23.9,27.1,,40.6,58.9,,,14.7,181.67,37.1,8.7,89.4,88.67,"Rain, Overcast","SULTAN ABDUL AZIZ SHAH INTERNATIONAL, MY (Id=48647099999,7.5KM), WMSA (Id=WMSA,7.5KM), KUALA LUMPUR INTERNATIONAL, MY (Id=48650099999,45.0KM), WMKK (Id=WMKK,46.0KM)"
"Selangor, Malaysia",12/02/2010,32.9,24,27.9,,42,0.5,,,17.9,243.46,,9.4,89,83.3,"Rain, Overcast","SULTAN ABDUL AZIZ SHAH INTERNATIONAL, MY (Id=48647099999,7.5KM), WMSA (Id=WMSA,7.5KM), KUALA LUMPUR INTERNATIONAL, MY (Id=48650099999,45.0KM), WMKK (Id=WMKK,46.0KM)"
"Selangor, Malaysia",12/03/2010,33.9,24.9,28.7,,40.7,0.8,,,18.2,225.54,,9.7,89,80.84,"Rain, Overcast","SULTAN ABDUL AZIZ SHAH INTERNATIONAL, MY (Id=48647099999,7.5KM), WMSA (Id=WMSA,7.5KM), KUALA LUMPUR INTERNATIONAL, MY (Id=48650099999,45.0KM), WMKK (Id=WMKK,46.0KM)"
"Selangor, Malaysia",12/04/2010,28.9,26,27.5,,34.4,0,,,16.3,171.92,,9,89.5,88.24,Overcast,"SULTAN ABDUL AZIZ SHAH INTERNATIONAL, MY (Id=48647099999,7.5KM), WMSA (Id=WMSA,7.5KM), KUALA LUMPUR INTERNATIONAL, MY (Id=48650099999,45.0KM), WMKK (Id=WMKK,46.0KM)"
"Selangor, Malaysia",12/05/2010,33.9,25,28.5,,41.9,0.5,,,16.5,212.71,,10,89.1,81.37,"Rain, Overcast","SULTAN ABDUL AZIZ SHAH INTERNATIONAL, MY (Id=48647099999,7.5KM), WMSA (Id=WMSA,7.5KM), KUALA LUMPUR INTERNATIONAL, MY (Id=48650099999,45.0KM), WMKK (Id=WMKK,46.0KM)"
"Selangor, Malaysia",12/06/2010,32,24.1,27.7,,39.3,0.5,,,16.2,187.65,,8.9,90.2,86.7,"Rain, Overcast","SULTAN ABDUL AZIZ SHAH INTERNATIONAL, MY (Id=48647099999,7.5KM), WMSA (Id=WMSA,7.5KM), KUALA LUMPUR INTERNATIONAL, MY (Id=48650099999,45.0KM), WMKK (Id=WMKK,46.0KM)"
"Selangor, Malaysia",12/07/2010,32,25.8,27.8,,37.9,0,,,22.2,294.88,,9.8,89,82.35,Overcast,"SULTAN ABDUL AZIZ SHAH INTERNATIONAL, MY (Id=48647099999,7.5KM), WMSA (Id=WMSA,7.5KM), KUALA LUMPUR INTERNATIONAL, MY (Id=48650099999,45.0KM), WMKK (Id=WMKK,46.0KM)"
"Selangor, Malaysia",12/08/2010,33.9,25.8,28.1,,41.9,2,,,16.5,192.42,,8.7,89.9,82.87,"Rain, Overcast","SULTAN ABDUL AZIZ SHAH INTERNATIONAL, MY (Id=48647099999,7.5KM), WMSA (Id=WMSA,7.5KM), KUALA LUMPUR INTERNATIONAL, MY (Id=48650099999,45.0KM), WMKK (Id=WMKK,46.0KM)"
"Selangor, Malaysia",12/09/2010,28.9,23.9,26.2,,33.5,21.1,,,16.4,185,,9.2,90.8,89.43,"Rain, Overcast","SULTAN ABDUL AZIZ SHAH INTERNATIONAL, MY (Id=48647099999,7.5KM), WMSA (Id=WMSA,7.5KM), KUALA LUMPUR INTERNATIONAL, MY (Id=48650099999,45.0KM), WMKK (Id=WMKK,46.0KM)"
"Selangor, Malaysia",12/10/2010,33.9,25,28.6,,40.5,0.3,,,16.3,243.67,,8.9,89,78.39,"Rain, Overcast","SULTAN ABDUL AZIZ SHAH INTERNATIONAL, MY (Id=48647099999,7.5KM), WMSA (Id=WMSA,7.5KM), KUALA LUMPUR INTERNATIONAL, MY (Id=48650099999,45.0KM), WMKK (Id=WMKK,46.0KM)"
"Selangor, Malaysia",12/11/2010,32,25.8,28.2,,37.9,0.3,,,20.3,317.67,,10.3,89.1,78.68,"Rain, Overcast","SULTAN ABDUL AZIZ SHAH INTERNATIONAL, MY (Id=48647099999,7.5KM), WMSA (Id=WMSA,7.5KM), KUALA LUMPUR INTERNATIONAL, MY (Id=48650099999,45.0KM), WMKK (Id=WMKK,46.0KM)"
"Selangor, Malaysia",12/12/2010,33.1,25,28.8,,40.5,0,,,18.3,272,,10.2,89,74.65,Overcast,"SULTAN ABDUL AZIZ SHAH INTERNATIONAL, MY (Id=48647099999,7.5KM), WMSA (Id=WMSA,7.5KM), KUALA LUMPUR INTERNATIONAL, MY (Id=48650099999,45.0KM), WMKK (Id=WMKK,46.0KM)"
"Selangor, Malaysia",12/13/2010,33.9,25,28.6,,40.5,0.8,,,22.1,274.29,42.5,9.9,89,78.8,"Rain, Overcast","SULTAN ABDUL AZIZ SHAH INTERNATIONAL, MY (Id=48647099999,7.5KM), WMSA (Id=WMSA,7.5KM), KUALA LUMPUR INTERNATIONAL, MY (Id=48650099999,45.0KM), WMKK (Id=WMKK,46.0KM)"
"Selangor, Malaysia",12/14/2010,31.9,25,27.7,,39.1,0,,,20.4,273.5,,9.3,89,80.29,Overcast,"SULTAN ABDUL AZIZ SHAH INTERNATIONAL, MY (Id=48647099999,7.5KM), WMSA (Id=WMSA,7.5KM), KUALA LUMPUR INTERNATIONAL, MY (Id=48650099999,45.0KM), WMKK (Id=WMKK,46.0KM)"
"Selangor, Malaysia",12/15/2010,34,24,27.9,,43.1,0.5,,,22.1,285.46,,10.5,87.6,80.28,"Rain, Overcast","SULTAN ABDUL AZIZ SHAH INTERNATIONAL, MY (Id=48647099999,7.5KM), WMSA (Id=WMSA,7.5KM), KUALA LUMPUR INTERNATIONAL, MY (Id=48650099999,45.0KM), WMKK (Id=WMKK,46.0KM)"
"Selangor, Malaysia",12/16/2010,28.8,24,26.3,,34.1,6.07,,,16.3,167.5,,8.5,89.5,90.67,"Rain, Overcast","SULTAN ABDUL AZIZ SHAH INTERNATIONAL, MY (Id=48647099999,7.5KM), WMSA (Id=WMSA,7.5KM), KUALA LUMPUR INTERNATIONAL, MY (Id=48650099999,45.0KM), WMKK (Id=WMKK,46.0KM)"
"Selangor, Malaysia",12/17/2010,31,23.6,25.7,,37.7,11.22,,,18.1,168.42,,8.9,90.8,88.05,"Rain, Overcast","SULTAN ABDUL AZIZ SHAH INTERNATIONAL, MY (Id=48647099999,7.5KM), WMSA (Id=WMSA,7.5KM), KUALA LUMPUR INTERNATIONAL, MY (Id=48650099999,45.0KM), WMKK (Id=WMKK,46.0KM)"
"Selangor, Malaysia",12/18/2010,31,23.8,26.8,,37.7,4.99,,,11.2,233.54,,8.3,89.2,84.94,"Rain, Overcast","SULTAN ABDUL AZIZ SHAH INTERNATIONAL, MY (Id=48647099999,7.5KM), WMSA (Id=WMSA,7.5KM), KUALA LUMPUR INTERNATIONAL, MY (Id=48650099999,45.0KM), WMKK (Id=WMKK,46.0KM)"
"Selangor, Malaysia",12/19/2010,30.9,25.8,27.4,,37.6,4.1,,,12.9,231.17,,7.8,90.3,87.56,"Rain, Overcast","SULTAN ABDUL AZIZ SHAH INTERNATIONAL, MY (Id=48647099999,7.5KM), WMSA (Id=WMSA,7.5KM), KUALA LUMPUR INTERNATIONAL, MY (Id=48650099999,45.0KM), WMKK (Id=WMKK,46.0KM)"
"Selangor, Malaysia",12/20/2010,29,23.9,26.2,,35.5,57.11,,,14.5,177.04,,6.5,91.3,92.48,"Rain, Overcast","SULTAN ABDUL AZIZ SHAH INTERNATIONAL, MY (Id=48647099999,7.5KM), WMSA (Id=WMSA,7.5KM), KUALA LUMPUR INTERNATIONAL, MY (Id=48650099999,45.0KM), WMKK (Id=WMKK,46.0KM)"
"Selangor, Malaysia",12/21/2010,32,24,27.1,,40.5,31.34,,,14.7,210.96,,9,90.4,86.67,"Rain, Overcast","SULTAN ABDUL AZIZ SHAH INTERNATIONAL, MY (Id=48647099999,7.5KM), WMSA (Id=WMSA,7.5KM), KUALA LUMPUR INTERNATIONAL, MY (Id=48650099999,45.0KM), WMKK (Id=WMKK,46.0KM)"
"Selangor, Malaysia",12/22/2010,32.9,25.1,27.3,,40.2,19.97,,,23.7,113.08,,8.5,89,87.5,"Rain, Overcast","SULTAN ABDUL AZIZ SHAH INTERNATIONAL, MY (Id=48647099999,7.5KM), WMSA (Id=WMSA,7.5KM), KUALA LUMPUR INTERNATIONAL, MY (Id=48650099999,45.0KM), WMKK (Id=WMKK,46.0KM)"
"Selangor, Malaysia",12/23/2010,30.1,24,27.1,,36.2,17.13,,,11,209.7,22.3,8.9,90.9,87.18,"Rain, Overcast","SULTAN ABDUL AZIZ SHAH INTERNATIONAL, MY (Id=48647099999,7.5KM), WMSA (Id=WMSA,7.5KM), KUALA LUMPUR INTERNATIONAL, MY (Id=48650099999,45.0KM), WMKK (Id=WMKK,46.0KM)"
"Selangor, Malaysia",12/24/2010,33.9,24.9,27.7,,40.4,2,,,20.1,256.63,,9,89,84.58,"Rain, Overcast","SULTAN ABDUL AZIZ SHAH INTERNATIONAL, MY (Id=48647099999,7.5KM), WMSA (Id=WMSA,7.5KM), KUALA LUMPUR INTERNATIONAL, MY (Id=48650099999,45.0KM), WMKK (Id=WMKK,46.0KM)"
"Selangor, Malaysia",12/25/2010,31,24.9,27.5,,37.8,0,,,18.3,195,,8.1,89,84.51,Overcast,"SULTAN ABDUL AZIZ SHAH INTERNATIONAL, MY (Id=48647099999,7.5KM), WMSA (Id=WMSA,7.5KM), KUALA LUMPUR INTERNATIONAL, MY (Id=48650099999,45.0KM), WMKK (Id=WMKK,46.0KM)"
"Selangor, Malaysia",12/26/2010,32.9,25,27.9,,39.2,16,,,14.7,130.29,,8.9,89.1,81.97,"Rain, Overcast","SULTAN ABDUL AZIZ SHAH INTERNATIONAL, MY (Id=48647099999,7.5KM), WMSA (Id=WMSA,7.5KM), KUALA LUMPUR INTERNATIONAL, MY (Id=48650099999,45.0KM), WMKK (Id=WMKK,46.0KM)"
"Selangor, Malaysia",12/27/2010,30.9,24.8,27.5,,36.4,0,,,14.7,170.08,,6.7,89,82.44,Overcast,"SULTAN ABDUL AZIZ SHAH INTERNATIONAL, MY (Id=48647099999,7.5KM), WMSA (Id=WMSA,7.5KM), KUALA LUMPUR INTERNATIONAL, MY (Id=48650099999,45.0KM), WMKK (Id=WMKK,46.0KM)"
"Selangor, Malaysia",12/28/2010,31.9,24.8,27.3,,37.8,0,,,11,226.08,,8.3,90.9,83.4,Overcast,"SULTAN ABDUL AZIZ SHAH INTERNATIONAL, MY (Id=48647099999,7.5KM), WMSA (Id=WMSA,7.5KM), KUALA LUMPUR INTERNATIONAL, MY (Id=48650099999,45.0KM), WMKK (Id=WMKK,46.0KM)"
"Selangor, Malaysia",12/29/2010,31,23.9,26.7,,37.2,32,,,12.8,251.25,,7.9,89.1,85.31,"Rain, Overcast","SULTAN ABDUL AZIZ SHAH INTERNATIONAL, MY (Id=48647099999,7.5KM), WMSA (Id=WMSA,7.5KM), KUALA LUMPUR INTERNATIONAL, MY (Id=48650099999,45.0KM), WMKK (Id=WMKK,46.0KM)"
"Selangor, Malaysia",12/30/2010,29,24.9,26.3,,34.4,1.3,,,12.7,234.25,,8.3,89.6,88.84,"Rain, Overcast","SULTAN ABDUL AZIZ SHAH INTERNATIONAL, MY (Id=48647099999,7.5KM), WMSA (Id=WMSA,7.5KM), KUALA LUMPUR INTERNATIONAL, MY (Id=48650099999,45.0KM), WMKK (Id=WMKK,46.0KM)"
"Selangor, Malaysia",12/31/2010,32,23.9,28,,37.9,0,,,11.3,107.33,,8.1,89.1,78.21,Overcast,"SULTAN ABDUL AZIZ SHAH INTERNATIONAL, MY (Id=48647099999,7.5KM), WMSA (Id=WMSA,7.5KM), KUALA LUMPUR INTERNATIONAL, MY (Id=48650099999,45.0KM), WMKK (Id=WMKK,46.0KM)"
