Name,Date time,Maximum Temperature,Minimum Temperature,Temperature,Wind Chill,Heat Index,Precipitation,Snow,Snow Depth,Wind Speed,Wind Direction,Wind Gust,Visibility,Cloud Cover,Relative Humidity,Conditions,Contributing Stations
"Selangor, Malaysia",07/01/2011,33.9,26.7,29.7,,42.6,0,,,18.2,156.25,,9.2,89,75.77,Overcast,"SULTAN ABDUL AZIZ SHAH INTERNATIONAL, MY (Id=48647099999,7.5KM), WMSA (Id=WMSA,7.5KM), KUALA LUMPUR INTERNATIONAL, MY (Id=48650099999,45.0KM), WMKK (Id=WMKK,46.0KM)"
"Selangor, Malaysia",07/02/2011,33.9,25,29.3,,43.4,0,,,14.8,120.79,,8.6,89,76.53,Overcast,"SULTAN ABDUL AZIZ SHAH INTERNATIONAL, MY (Id=48647099999,7.5KM), WMSA (Id=WMSA,7.5KM), KUALA LUMPUR INTERNATIONAL, MY (Id=48650099999,45.0KM), WMKK (Id=WMKK,46.0KM)"
"Selangor, Malaysia",07/03/2011,32.9,25.9,29,,40.6,2,,,12.9,195.71,,7.4,89,77.77,"Rain, Overcast","SULTAN ABDUL AZIZ SHAH INTERNATIONAL, MY (Id=48647099999,7.5KM), WMSA (Id=WMSA,7.5KM), KUALA LUMPUR INTERNATIONAL, MY (Id=48650099999,45.0KM), WMKK (Id=WMKK,46.0KM)"
"Selangor, Malaysia",07/04/2011,34,26,29.8,,41.9,0.3,,,12.9,134.5,,7,89,75.39,"Rain, Overcast","SULTAN ABDUL AZIZ SHAH INTERNATIONAL, MY (Id=48647099999,7.5KM), WMSA (Id=WMSA,7.5KM), KUALA LUMPUR INTERNATIONAL, MY (Id=48650099999,45.0KM), WMKK (Id=WMKK,46.0KM)"
"Selangor, Malaysia",07/05/2011,33,26.9,29.6,,42,0,,,22.2,159.75,,7.5,89.1,76.2,Overcast,"SULTAN ABDUL AZIZ SHAH INTERNATIONAL, MY (Id=48647099999,7.5KM), WMSA (Id=WMSA,7.5KM), KUALA LUMPUR INTERNATIONAL, MY (Id=48650099999,45.0KM), WMKK (Id=WMKK,46.0KM)"
"Selangor, Malaysia",07/06/2011,33,25,28.5,,43.8,2,,,14.8,116.38,,6.2,89.5,85.05,"Rain, Overcast","SULTAN ABDUL AZIZ SHAH INTERNATIONAL, MY (Id=48647099999,7.5KM), WMSA (Id=WMSA,7.5KM), KUALA LUMPUR INTERNATIONAL, MY (Id=48650099999,45.0KM), WMKK (Id=WMKK,46.0KM)"
"Selangor, Malaysia",07/07/2011,30.9,25,27.4,,40.4,5.93,,,59.8,134.13,,4.6,89.5,90.33,"Rain, Overcast","SULTAN ABDUL AZIZ SHAH INTERNATIONAL, MY (Id=48647099999,7.5KM), WMSA (Id=WMSA,7.5KM), KUALA LUMPUR INTERNATIONAL, MY (Id=48650099999,45.0KM), WMKK (Id=WMKK,46.0KM)"
"Selangor, Malaysia",07/08/2011,31.1,25,27.9,,40.6,7.6,,,11.2,193.58,,6.4,89,87.24,"Rain, Overcast","SULTAN ABDUL AZIZ SHAH INTERNATIONAL, MY (Id=48647099999,7.5KM), WMSA (Id=WMSA,7.5KM), KUALA LUMPUR INTERNATIONAL, MY (Id=48650099999,45.0KM), WMKK (Id=WMKK,46.0KM)"
"Selangor, Malaysia",07/09/2011,31.9,25.8,28.3,,42.2,8.4,,,14.5,242.54,,5.3,89,87.45,"Rain, Overcast","SULTAN ABDUL AZIZ SHAH INTERNATIONAL, MY (Id=48647099999,7.5KM), WMSA (Id=WMSA,7.5KM), KUALA LUMPUR INTERNATIONAL, MY (Id=48650099999,45.0KM), WMKK (Id=WMKK,46.0KM)"
"Selangor, Malaysia",07/10/2011,30,25.9,27.7,,37.4,0.81,,,11,197.46,,5.7,89,87.67,"Rain, Overcast","SULTAN ABDUL AZIZ SHAH INTERNATIONAL, MY (Id=48647099999,7.5KM), WMSA (Id=WMSA,7.5KM), KUALA LUMPUR INTERNATIONAL, MY (Id=48650099999,45.0KM), WMKK (Id=WMKK,46.0KM)"
"Selangor, Malaysia",07/11/2011,34,24,28.8,,42,0,,,16.4,146.83,,5.1,89.1,80.45,Overcast,"SULTAN ABDUL AZIZ SHAH INTERNATIONAL, MY (Id=48647099999,7.5KM), WMSA (Id=WMSA,7.5KM), KUALA LUMPUR INTERNATIONAL, MY (Id=48650099999,45.0KM), WMKK (Id=WMKK,46.0KM)"
"Selangor, Malaysia",07/12/2011,33.7,26.7,29.4,,42,0.5,,,12.9,138.92,,7.9,89,77.52,"Rain, Overcast","SULTAN ABDUL AZIZ SHAH INTERNATIONAL, MY (Id=48647099999,7.5KM), WMSA (Id=WMSA,7.5KM), KUALA LUMPUR INTERNATIONAL, MY (Id=48650099999,45.0KM), WMKK (Id=WMKK,46.0KM)"
"Selangor, Malaysia",07/13/2011,32.9,25,29.5,,42,6.9,,,14.6,151.17,,7.5,89,77.82,"Rain, Overcast","SULTAN ABDUL AZIZ SHAH INTERNATIONAL, MY (Id=48647099999,7.5KM), WMSA (Id=WMSA,7.5KM), KUALA LUMPUR INTERNATIONAL, MY (Id=48650099999,45.0KM), WMKK (Id=WMKK,46.0KM)"
"Selangor, Malaysia",07/14/2011,32.9,25.1,28.6,,40.5,9.1,,,16.5,132.92,25.9,7.5,89.3,81.77,"Rain, Overcast","SULTAN ABDUL AZIZ SHAH INTERNATIONAL, MY (Id=48647099999,7.5KM), WMSA (Id=WMSA,7.5KM), KUALA LUMPUR INTERNATIONAL, MY (Id=48650099999,45.0KM), WMKK (Id=WMKK,46.0KM)"
"Selangor, Malaysia",07/15/2011,31.9,25,27.8,,40.5,8.7,,,13.2,184.08,,8.2,90.8,85.8,"Rain, Overcast","SULTAN ABDUL AZIZ SHAH INTERNATIONAL, MY (Id=48647099999,7.5KM), WMSA (Id=WMSA,7.5KM), KUALA LUMPUR INTERNATIONAL, MY (Id=48650099999,45.0KM), WMKK (Id=WMKK,46.0KM)"
"Selangor, Malaysia",07/16/2011,31.9,25.8,28.1,,40.5,1,,,14.7,113.29,,10,89,83.12,"Rain, Overcast","SULTAN ABDUL AZIZ SHAH INTERNATIONAL, MY (Id=48647099999,7.5KM), WMSA (Id=WMSA,7.5KM), KUALA LUMPUR INTERNATIONAL, MY (Id=48650099999,45.0KM), WMKK (Id=WMKK,46.0KM)"
"Selangor, Malaysia",07/17/2011,33.9,26,29.7,,49.2,0,,,18.4,130.17,,10.8,89,80.82,Overcast,"SULTAN ABDUL AZIZ SHAH INTERNATIONAL, MY (Id=48647099999,7.5KM), WMSA (Id=WMSA,7.5KM), KUALA LUMPUR INTERNATIONAL, MY (Id=48650099999,45.0KM), WMKK (Id=WMKK,46.0KM)"
"Selangor, Malaysia",07/18/2011,33.9,26,30,,54.4,0,,,16.6,135.54,,10.8,88.8,77.88,Overcast,"SULTAN ABDUL AZIZ SHAH INTERNATIONAL, MY (Id=48647099999,7.5KM), WMSA (Id=WMSA,7.5KM), KUALA LUMPUR INTERNATIONAL, MY (Id=48650099999,45.0KM), WMKK (Id=WMKK,46.0KM)"
"Selangor, Malaysia",07/19/2011,33.9,25,29.8,,43.4,0,,,20.6,97,,9.3,89,74.59,Overcast,"SULTAN ABDUL AZIZ SHAH INTERNATIONAL, MY (Id=48647099999,7.5KM), WMSA (Id=WMSA,7.5KM), KUALA LUMPUR INTERNATIONAL, MY (Id=48650099999,45.0KM), WMKK (Id=WMKK,46.0KM)"
"Selangor, Malaysia",07/20/2011,33.9,26.8,30.1,,45.1,0,,,18.5,131.42,,10.1,89,76.37,Overcast,"SULTAN ABDUL AZIZ SHAH INTERNATIONAL, MY (Id=48647099999,7.5KM), WMSA (Id=WMSA,7.5KM), KUALA LUMPUR INTERNATIONAL, MY (Id=48650099999,45.0KM), WMKK (Id=WMKK,46.0KM)"
"Selangor, Malaysia",07/21/2011,33.1,27,29.5,,40.8,0,,,16.5,131.46,,8.7,89,77.37,Overcast,"SULTAN ABDUL AZIZ SHAH INTERNATIONAL, MY (Id=48647099999,7.5KM), WMSA (Id=WMSA,7.5KM), KUALA LUMPUR INTERNATIONAL, MY (Id=48650099999,45.0KM), WMKK (Id=WMKK,46.0KM)"
"Selangor, Malaysia",07/22/2011,34.9,25.9,29.5,,44.8,0,,,14.7,190.58,,9.2,89,77.03,Overcast,"SULTAN ABDUL AZIZ SHAH INTERNATIONAL, MY (Id=48647099999,7.5KM), WMSA (Id=WMSA,7.5KM), KUALA LUMPUR INTERNATIONAL, MY (Id=48650099999,45.0KM), WMKK (Id=WMKK,46.0KM)"
"Selangor, Malaysia",07/23/2011,32.9,27.7,29.2,,42,0,,,12.9,135.29,,8.3,89,80.91,Overcast,"SULTAN ABDUL AZIZ SHAH INTERNATIONAL, MY (Id=48647099999,7.5KM), WMSA (Id=WMSA,7.5KM), KUALA LUMPUR INTERNATIONAL, MY (Id=48650099999,45.0KM), WMKK (Id=WMKK,46.0KM)"
"Selangor, Malaysia",07/24/2011,32,25.9,28.7,,40.6,0,,,16.6,151.33,,8.6,89,81.7,Overcast,"SULTAN ABDUL AZIZ SHAH INTERNATIONAL, MY (Id=48647099999,7.5KM), WMSA (Id=WMSA,7.5KM), KUALA LUMPUR INTERNATIONAL, MY (Id=48650099999,45.0KM), WMKK (Id=WMKK,46.0KM)"
"Selangor, Malaysia",07/25/2011,33.9,25,29.4,,43.4,2.3,,,16.4,207.21,,9.4,89,75.04,"Rain, Overcast","SULTAN ABDUL AZIZ SHAH INTERNATIONAL, MY (Id=48647099999,7.5KM), WMSA (Id=WMSA,7.5KM), KUALA LUMPUR INTERNATIONAL, MY (Id=48650099999,45.0KM), WMKK (Id=WMKK,46.0KM)"
"Selangor, Malaysia",07/26/2011,35,25.9,30.3,,45.1,0,,,14.8,140.25,,9.6,89,75.99,Overcast,"SULTAN ABDUL AZIZ SHAH INTERNATIONAL, MY (Id=48647099999,7.5KM), WMSA (Id=WMSA,7.5KM), KUALA LUMPUR INTERNATIONAL, MY (Id=48650099999,45.0KM), WMKK (Id=WMKK,46.0KM)"
"Selangor, Malaysia",07/27/2011,30.8,26,27.7,,38.7,17,,,23.7,189.75,,7.9,90.3,86.31,"Rain, Overcast","SULTAN ABDUL AZIZ SHAH INTERNATIONAL, MY (Id=48647099999,7.5KM), WMSA (Id=WMSA,7.5KM), KUALA LUMPUR INTERNATIONAL, MY (Id=48650099999,45.0KM), WMKK (Id=WMKK,46.0KM)"
"Selangor, Malaysia",07/28/2011,33.9,24.8,29.2,,41.9,0,,,16.5,119.71,,8.1,89,78.83,Overcast,"SULTAN ABDUL AZIZ SHAH INTERNATIONAL, MY (Id=48647099999,7.5KM), WMSA (Id=WMSA,7.5KM), KUALA LUMPUR INTERNATIONAL, MY (Id=48650099999,45.0KM), WMKK (Id=WMKK,46.0KM)"
"Selangor, Malaysia",07/29/2011,32.9,23.9,28.5,,42,19.58,,,21.9,148.42,40.7,9.8,90.9,80.7,"Rain, Overcast","SULTAN ABDUL AZIZ SHAH INTERNATIONAL, MY (Id=48647099999,7.5KM), WMSA (Id=WMSA,7.5KM), KUALA LUMPUR INTERNATIONAL, MY (Id=48650099999,45.0KM), WMKK (Id=WMKK,46.0KM)"
"Selangor, Malaysia",07/30/2011,30.9,24,27.4,,39,38.66,,,25.4,146.13,,8,90.8,87.01,"Rain, Overcast","SULTAN ABDUL AZIZ SHAH INTERNATIONAL, MY (Id=48647099999,7.5KM), WMSA (Id=WMSA,7.5KM), KUALA LUMPUR INTERNATIONAL, MY (Id=48650099999,45.0KM), WMKK (Id=WMKK,46.0KM)"
"Selangor, Malaysia",07/31/2011,32.9,25.1,28.9,,42,0.5,,,18.4,144.5,,8.6,89.1,80.43,"Rain, Overcast","SULTAN ABDUL AZIZ SHAH INTERNATIONAL, MY (Id=48647099999,7.5KM), WMSA (Id=WMSA,7.5KM), KUALA LUMPUR INTERNATIONAL, MY (Id=48650099999,45.0KM), WMKK (Id=WMKK,46.0KM)"
"Selangor, Malaysia",08/01/2011,33.9,27,29.9,,43.3,0.5,,,22.2,126.88,,9.5,89,77.39,"Rain, Overcast","SULTAN ABDUL AZIZ SHAH INTERNATIONAL, MY (Id=48647099999,7.5KM), WMSA (Id=WMSA,7.5KM), KUALA LUMPUR INTERNATIONAL, MY (Id=48650099999,45.0KM), WMKK (Id=WMKK,46.0KM)"
"Selangor, Malaysia",08/02/2011,33.9,27,30.5,,43.4,0,,,20.7,131.75,,9.2,89,74.08,Overcast,"SULTAN ABDUL AZIZ SHAH INTERNATIONAL, MY (Id=48647099999,7.5KM), WMSA (Id=WMSA,7.5KM), KUALA LUMPUR INTERNATIONAL, MY (Id=48650099999,45.0KM), WMKK (Id=WMKK,46.0KM)"
"Selangor, Malaysia",08/03/2011,33.9,26.9,29.8,,54.5,3,,,16.6,129.46,,9.6,89.5,81.47,"Rain, Overcast","SULTAN ABDUL AZIZ SHAH INTERNATIONAL, MY (Id=48647099999,7.5KM), WMSA (Id=WMSA,7.5KM), KUALA LUMPUR INTERNATIONAL, MY (Id=48650099999,45.0KM), WMKK (Id=WMKK,46.0KM)"
"Selangor, Malaysia",08/04/2011,31,24.9,27.1,,38.8,9.32,,,16.4,190.08,,8.2,91.6,88.38,"Rain, Overcast","SULTAN ABDUL AZIZ SHAH INTERNATIONAL, MY (Id=48647099999,7.5KM), WMSA (Id=WMSA,7.5KM), KUALA LUMPUR INTERNATIONAL, MY (Id=48650099999,45.0KM), WMKK (Id=WMKK,46.0KM)"
"Selangor, Malaysia",08/05/2011,33.9,24.9,28.6,,45.1,0.8,,,12.9,205,,7.6,89,83.35,"Rain, Overcast","SULTAN ABDUL AZIZ SHAH INTERNATIONAL, MY (Id=48647099999,7.5KM), WMSA (Id=WMSA,7.5KM), KUALA LUMPUR INTERNATIONAL, MY (Id=48650099999,45.0KM), WMKK (Id=WMKK,46.0KM)"
"Selangor, Malaysia",08/06/2011,33.9,25.9,29.4,,41.9,0,,,18.2,235.04,,8.3,89,81.17,Overcast,"SULTAN ABDUL AZIZ SHAH INTERNATIONAL, MY (Id=48647099999,7.5KM), WMSA (Id=WMSA,7.5KM), KUALA LUMPUR INTERNATIONAL, MY (Id=48650099999,45.0KM), WMKK (Id=WMKK,46.0KM)"
"Selangor, Malaysia",08/07/2011,31.9,26,28.5,,40.6,7.9,,,18.1,272.75,,9.3,89,84.97,"Rain, Overcast","SULTAN ABDUL AZIZ SHAH INTERNATIONAL, MY (Id=48647099999,7.5KM), WMSA (Id=WMSA,7.5KM), KUALA LUMPUR INTERNATIONAL, MY (Id=48650099999,45.0KM), WMKK (Id=WMKK,46.0KM)"
"Selangor, Malaysia",08/08/2011,33.9,24.9,29.3,,43.4,0,,,14.7,225.63,,9.9,89,80.81,Overcast,"SULTAN ABDUL AZIZ SHAH INTERNATIONAL, MY (Id=48647099999,7.5KM), WMSA (Id=WMSA,7.5KM), KUALA LUMPUR INTERNATIONAL, MY (Id=48650099999,45.0KM), WMKK (Id=WMKK,46.0KM)"
"Selangor, Malaysia",08/09/2011,33.9,26.9,29.6,,43.4,0,,,13.1,153.42,,10,89,79.72,Overcast,"SULTAN ABDUL AZIZ SHAH INTERNATIONAL, MY (Id=48647099999,7.5KM), WMSA (Id=WMSA,7.5KM), KUALA LUMPUR INTERNATIONAL, MY (Id=48650099999,45.0KM), WMKK (Id=WMKK,46.0KM)"
"Selangor, Malaysia",08/10/2011,32.7,24.1,27,,40,78.07,,,27.3,129.38,,7,90.3,86.51,"Rain, Overcast","SULTAN ABDUL AZIZ SHAH INTERNATIONAL, MY (Id=48647099999,7.5KM), WMSA (Id=WMSA,7.5KM), KUALA LUMPUR INTERNATIONAL, MY (Id=48650099999,45.0KM), WMKK (Id=WMKK,46.0KM)"
"Selangor, Malaysia",08/11/2011,33.9,24,28.8,,41.9,0,,,11.3,115.83,,8,89,77.64,Overcast,"SULTAN ABDUL AZIZ SHAH INTERNATIONAL, MY (Id=48647099999,7.5KM), WMSA (Id=WMSA,7.5KM), KUALA LUMPUR INTERNATIONAL, MY (Id=48650099999,45.0KM), WMKK (Id=WMKK,46.0KM)"
"Selangor, Malaysia",08/12/2011,33.7,25.9,28.6,,40.4,0.5,,,20.2,213.5,42.5,8.5,91.2,80.23,"Rain, Overcast","SULTAN ABDUL AZIZ SHAH INTERNATIONAL, MY (Id=48647099999,7.5KM), WMSA (Id=WMSA,7.5KM), KUALA LUMPUR INTERNATIONAL, MY (Id=48650099999,45.0KM), WMKK (Id=WMKK,46.0KM)"
"Selangor, Malaysia",08/13/2011,34.9,24,27.4,,41.8,34.83,,,14.8,185.71,,7.5,89.9,84.61,"Rain, Overcast","SULTAN ABDUL AZIZ SHAH INTERNATIONAL, MY (Id=48647099999,7.5KM), WMSA (Id=WMSA,7.5KM), KUALA LUMPUR INTERNATIONAL, MY (Id=48650099999,45.0KM), WMKK (Id=WMKK,46.0KM)"
"Selangor, Malaysia",08/14/2011,31.9,25,27.8,,37.9,1,,,22.2,211.08,,6.4,89,83.72,"Rain, Overcast","SULTAN ABDUL AZIZ SHAH INTERNATIONAL, MY (Id=48647099999,7.5KM), WMSA (Id=WMSA,7.5KM), KUALA LUMPUR INTERNATIONAL, MY (Id=48650099999,45.0KM), WMKK (Id=WMKK,46.0KM)"
"Selangor, Malaysia",08/15/2011,32.9,24,28.1,,40.6,9.7,,,16.1,147.46,,8.9,90,78.92,"Rain, Overcast","SULTAN ABDUL AZIZ SHAH INTERNATIONAL, MY (Id=48647099999,7.5KM), WMSA (Id=WMSA,7.5KM), KUALA LUMPUR INTERNATIONAL, MY (Id=48650099999,45.0KM), WMKK (Id=WMKK,46.0KM)"
"Selangor, Malaysia",08/16/2011,33.9,24.9,28.7,,41.9,0,,,14.7,184.29,,8.7,89,77.42,Overcast,"SULTAN ABDUL AZIZ SHAH INTERNATIONAL, MY (Id=48647099999,7.5KM), WMSA (Id=WMSA,7.5KM), KUALA LUMPUR INTERNATIONAL, MY (Id=48650099999,45.0KM), WMKK (Id=WMKK,46.0KM)"
"Selangor, Malaysia",08/17/2011,34.9,25,28.6,,40.6,10.9,,,20.6,178.67,,5.6,90,79,"Rain, Overcast","SULTAN ABDUL AZIZ SHAH INTERNATIONAL, MY (Id=48647099999,7.5KM), WMSA (Id=WMSA,7.5KM), KUALA LUMPUR INTERNATIONAL, MY (Id=48650099999,45.0KM), WMKK (Id=WMKK,46.0KM)"
"Selangor, Malaysia",08/18/2011,34,25.8,28.9,,39.4,0.8,,,14.7,144.92,,7.3,89,78.33,"Rain, Overcast","SULTAN ABDUL AZIZ SHAH INTERNATIONAL, MY (Id=48647099999,7.5KM), WMSA (Id=WMSA,7.5KM), KUALA LUMPUR INTERNATIONAL, MY (Id=48650099999,45.0KM), WMKK (Id=WMKK,46.0KM)"
"Selangor, Malaysia",08/19/2011,34.1,25.9,29.5,,39.4,0,,,13.1,210.42,,7.4,89,75.04,Overcast,"SULTAN ABDUL AZIZ SHAH INTERNATIONAL, MY (Id=48647099999,7.5KM), WMSA (Id=WMSA,7.5KM), KUALA LUMPUR INTERNATIONAL, MY (Id=48650099999,45.0KM), WMKK (Id=WMKK,46.0KM)"
"Selangor, Malaysia",08/20/2011,30.9,24,26.7,,37.5,27.4,,,13,236.88,27.7,8.7,89.9,85.69,"Rain, Overcast","SULTAN ABDUL AZIZ SHAH INTERNATIONAL, MY (Id=48647099999,7.5KM), WMSA (Id=WMSA,7.5KM), KUALA LUMPUR INTERNATIONAL, MY (Id=48650099999,45.0KM), WMKK (Id=WMKK,46.0KM)"
"Selangor, Malaysia",08/21/2011,34.9,25,28.7,,40.6,0,,,14.9,158.29,31.3,9.9,89,76.02,Overcast,"SULTAN ABDUL AZIZ SHAH INTERNATIONAL, MY (Id=48647099999,7.5KM), WMSA (Id=WMSA,7.5KM), KUALA LUMPUR INTERNATIONAL, MY (Id=48650099999,45.0KM), WMKK (Id=WMKK,46.0KM)"
"Selangor, Malaysia",08/22/2011,33,24.1,27.8,,39.3,48.3,,,13,176.17,,9.1,89.5,83.75,"Rain, Overcast","SULTAN ABDUL AZIZ SHAH INTERNATIONAL, MY (Id=48647099999,7.5KM), WMSA (Id=WMSA,7.5KM), KUALA LUMPUR INTERNATIONAL, MY (Id=48650099999,45.0KM), WMKK (Id=WMKK,46.0KM)"
"Selangor, Malaysia",08/23/2011,32,25,27.7,,37.9,14.78,,,11.1,216,,7.5,89.9,82.03,"Rain, Overcast","SULTAN ABDUL AZIZ SHAH INTERNATIONAL, MY (Id=48647099999,7.5KM), WMSA (Id=WMSA,7.5KM), KUALA LUMPUR INTERNATIONAL, MY (Id=48650099999,45.0KM), WMKK (Id=WMKK,46.0KM)"
"Selangor, Malaysia",08/24/2011,32,26,28.4,,38.9,0,,,16.4,227.88,,8.7,89,81.62,Overcast,"SULTAN ABDUL AZIZ SHAH INTERNATIONAL, MY (Id=48647099999,7.5KM), WMSA (Id=WMSA,7.5KM), KUALA LUMPUR INTERNATIONAL, MY (Id=48650099999,45.0KM), WMKK (Id=WMKK,46.0KM)"
"Selangor, Malaysia",08/25/2011,32,25,28.1,,37.9,2,,,18.2,254.63,,8.8,89,81.13,"Rain, Overcast","SULTAN ABDUL AZIZ SHAH INTERNATIONAL, MY (Id=48647099999,7.5KM), WMSA (Id=WMSA,7.5KM), KUALA LUMPUR INTERNATIONAL, MY (Id=48650099999,45.0KM), WMKK (Id=WMKK,46.0KM)"
"Selangor, Malaysia",08/26/2011,30.8,25.8,27.1,,36.3,7.1,,,16.5,243.92,,9.6,89.9,85.81,"Rain, Overcast","SULTAN ABDUL AZIZ SHAH INTERNATIONAL, MY (Id=48647099999,7.5KM), WMSA (Id=WMSA,7.5KM), KUALA LUMPUR INTERNATIONAL, MY (Id=48650099999,45.0KM), WMKK (Id=WMKK,46.0KM)"
"Selangor, Malaysia",08/27/2011,33.7,25,28.4,,39.3,0,,,18.2,253.29,27.7,9.1,89,79.64,Overcast,"SULTAN ABDUL AZIZ SHAH INTERNATIONAL, MY (Id=48647099999,7.5KM), WMSA (Id=WMSA,7.5KM), KUALA LUMPUR INTERNATIONAL, MY (Id=48650099999,45.0KM), WMKK (Id=WMKK,46.0KM)"
"Selangor, Malaysia",08/28/2011,32.9,26,29,,39.2,1.8,,,14.9,141.46,,8.5,89,76.79,"Rain, Overcast","SULTAN ABDUL AZIZ SHAH INTERNATIONAL, MY (Id=48647099999,7.5KM), WMSA (Id=WMSA,7.5KM), KUALA LUMPUR INTERNATIONAL, MY (Id=48650099999,45.0KM), WMKK (Id=WMKK,46.0KM)"
"Selangor, Malaysia",08/29/2011,31,23.8,27.1,,36.5,24.67,,,20.3,185.04,,9,91.7,82.84,"Rain, Overcast","SULTAN ABDUL AZIZ SHAH INTERNATIONAL, MY (Id=48647099999,7.5KM), WMSA (Id=WMSA,7.5KM), KUALA LUMPUR INTERNATIONAL, MY (Id=48650099999,45.0KM), WMKK (Id=WMKK,46.0KM)"
"Selangor, Malaysia",08/30/2011,33.7,25.9,29.3,,40,0.3,,,14.7,136.75,,7.6,89,76.33,"Rain, Overcast","SULTAN ABDUL AZIZ SHAH INTERNATIONAL, MY (Id=48647099999,7.5KM), WMSA (Id=WMSA,7.5KM), KUALA LUMPUR INTERNATIONAL, MY (Id=48650099999,45.0KM), WMKK (Id=WMKK,46.0KM)"
"Selangor, Malaysia",08/31/2011,31,26,28.7,,39.1,0,,,12.9,117.38,,8.4,89,80.74,Overcast,"SULTAN ABDUL AZIZ SHAH INTERNATIONAL, MY (Id=48647099999,7.5KM), WMSA (Id=WMSA,7.5KM), KUALA LUMPUR INTERNATIONAL, MY (Id=48650099999,45.0KM), WMKK (Id=WMKK,46.0KM)"
"Selangor, Malaysia",09/01/2011,33.9,23.9,29.2,,39.4,24.6,,,29.6,140.67,,9.3,89,68.91,"Rain, Overcast","SULTAN ABDUL AZIZ SHAH INTERNATIONAL, MY (Id=48647099999,7.5KM), WMSA (Id=WMSA,7.5KM), KUALA LUMPUR INTERNATIONAL, MY (Id=48650099999,45.0KM), WMKK (Id=WMKK,46.0KM)"
"Selangor, Malaysia",09/02/2011,32.9,26,29.1,,38.6,6.1,,,16.5,241.92,,8.4,89,76.35,"Rain, Overcast","SULTAN ABDUL AZIZ SHAH INTERNATIONAL, MY (Id=48647099999,7.5KM), WMSA (Id=WMSA,7.5KM), KUALA LUMPUR INTERNATIONAL, MY (Id=48650099999,45.0KM), WMKK (Id=WMKK,46.0KM)"
"Selangor, Malaysia",09/03/2011,33.9,25,29.5,,40.5,0,,,14.8,176.38,,9.5,89,72.48,Overcast,"SULTAN ABDUL AZIZ SHAH INTERNATIONAL, MY (Id=48647099999,7.5KM), WMSA (Id=WMSA,7.5KM), KUALA LUMPUR INTERNATIONAL, MY (Id=48650099999,45.0KM), WMKK (Id=WMKK,46.0KM)"
"Selangor, Malaysia",09/04/2011,34,26,30.1,,40.6,0,,,18.4,123.88,,7.1,89,70.48,Overcast,"SULTAN ABDUL AZIZ SHAH INTERNATIONAL, MY (Id=48647099999,7.5KM), WMSA (Id=WMSA,7.5KM), KUALA LUMPUR INTERNATIONAL, MY (Id=48650099999,45.0KM), WMKK (Id=WMKK,46.0KM)"
"Selangor, Malaysia",09/05/2011,33.9,24.9,29.4,,39.2,0,,,18.2,143.17,,8.5,89,69.68,Overcast,"SULTAN ABDUL AZIZ SHAH INTERNATIONAL, MY (Id=48647099999,7.5KM), WMSA (Id=WMSA,7.5KM), KUALA LUMPUR INTERNATIONAL, MY (Id=48650099999,45.0KM), WMKK (Id=WMKK,46.0KM)"
"Selangor, Malaysia",09/06/2011,33.7,25.9,29.7,,42,0,,,18.4,163.71,,5.5,89,72.74,Overcast,"SULTAN ABDUL AZIZ SHAH INTERNATIONAL, MY (Id=48647099999,7.5KM), WMSA (Id=WMSA,7.5KM), KUALA LUMPUR INTERNATIONAL, MY (Id=48650099999,45.0KM), WMKK (Id=WMKK,46.0KM)"
"Selangor, Malaysia",09/07/2011,33.9,26,28.6,,40.5,3,,,16.6,263.46,,3.5,89.9,81.2,"Rain, Overcast","SULTAN ABDUL AZIZ SHAH INTERNATIONAL, MY (Id=48647099999,7.5KM), WMSA (Id=WMSA,7.5KM), KUALA LUMPUR INTERNATIONAL, MY (Id=48650099999,45.0KM), WMKK (Id=WMKK,46.0KM)"
"Selangor, Malaysia",09/08/2011,32.9,25,29.1,,39.2,0,,,14.7,173.96,31.3,5.1,89,74.72,Overcast,"SULTAN ABDUL AZIZ SHAH INTERNATIONAL, MY (Id=48647099999,7.5KM), WMSA (Id=WMSA,7.5KM), KUALA LUMPUR INTERNATIONAL, MY (Id=48650099999,45.0KM), WMKK (Id=WMKK,46.0KM)"
"Selangor, Malaysia",09/09/2011,33.9,26.9,28.9,,39.4,0,,,20.5,166.04,,4.2,89,77.43,Overcast,"SULTAN ABDUL AZIZ SHAH INTERNATIONAL, MY (Id=48647099999,7.5KM), WMSA (Id=WMSA,7.5KM), KUALA LUMPUR INTERNATIONAL, MY (Id=48650099999,45.0KM), WMKK (Id=WMKK,46.0KM)"
"Selangor, Malaysia",09/10/2011,31,24.9,26.7,,37.8,20.39,,,14.6,161.04,,5.6,90.9,87.41,"Rain, Overcast","SULTAN ABDUL AZIZ SHAH INTERNATIONAL, MY (Id=48647099999,7.5KM), WMSA (Id=WMSA,7.5KM), KUALA LUMPUR INTERNATIONAL, MY (Id=48650099999,45.0KM), WMKK (Id=WMKK,46.0KM)"
"Selangor, Malaysia",09/11/2011,31.9,24,27.2,,37,4.5,,,16.4,105.54,,4.9,89.5,83.77,"Rain, Overcast","SULTAN ABDUL AZIZ SHAH INTERNATIONAL, MY (Id=48647099999,7.5KM), WMSA (Id=WMSA,7.5KM), KUALA LUMPUR INTERNATIONAL, MY (Id=48650099999,45.0KM), WMKK (Id=WMKK,46.0KM)"
"Selangor, Malaysia",09/12/2011,32.9,25.8,28.6,,40.5,0.3,,,12.9,179.13,,4.1,89,77.77,"Rain, Overcast","SULTAN ABDUL AZIZ SHAH INTERNATIONAL, MY (Id=48647099999,7.5KM), WMSA (Id=WMSA,7.5KM), KUALA LUMPUR INTERNATIONAL, MY (Id=48650099999,45.0KM), WMKK (Id=WMKK,46.0KM)"
"Selangor, Malaysia",09/13/2011,34.9,26.1,29.4,,43.3,6.1,,,14.8,116.71,,4.7,89.3,76.26,"Rain, Overcast","SULTAN ABDUL AZIZ SHAH INTERNATIONAL, MY (Id=48647099999,7.5KM), WMSA (Id=WMSA,7.5KM), KUALA LUMPUR INTERNATIONAL, MY (Id=48650099999,45.0KM), WMKK (Id=WMKK,46.0KM)"
"Selangor, Malaysia",09/14/2011,32.9,24.8,26.8,,40.5,53.31,,,21.8,202.5,,4.7,92.1,89.27,"Rain, Overcast","SULTAN ABDUL AZIZ SHAH INTERNATIONAL, MY (Id=48647099999,7.5KM), WMSA (Id=WMSA,7.5KM), KUALA LUMPUR INTERNATIONAL, MY (Id=48650099999,45.0KM), WMKK (Id=WMKK,46.0KM)"
"Selangor, Malaysia",09/15/2011,34.9,24,28,,40.5,4.04,,,14.6,187.42,,7.4,89,81.79,"Rain, Overcast","SULTAN ABDUL AZIZ SHAH INTERNATIONAL, MY (Id=48647099999,7.5KM), WMSA (Id=WMSA,7.5KM), KUALA LUMPUR INTERNATIONAL, MY (Id=48650099999,45.0KM), WMKK (Id=WMKK,46.0KM)"
"Selangor, Malaysia",09/16/2011,32.9,25.1,27.7,,41.5,14,,,16.5,166.92,33.5,6.9,90.6,84.24,"Rain, Overcast","SULTAN ABDUL AZIZ SHAH INTERNATIONAL, MY (Id=48647099999,7.5KM), WMSA (Id=WMSA,7.5KM), KUALA LUMPUR INTERNATIONAL, MY (Id=48650099999,45.0KM), WMKK (Id=WMKK,46.0KM)"
"Selangor, Malaysia",09/17/2011,33.9,24.9,28,,41.9,0,,,16.6,251.46,,7.3,89.2,83.74,Overcast,"SULTAN ABDUL AZIZ SHAH INTERNATIONAL, MY (Id=48647099999,7.5KM), WMSA (Id=WMSA,7.5KM), KUALA LUMPUR INTERNATIONAL, MY (Id=48650099999,45.0KM), WMKK (Id=WMKK,46.0KM)"
"Selangor, Malaysia",09/18/2011,31.9,25.9,27.5,,40.5,2,,,22.1,174.83,,8.6,89.9,87.72,"Rain, Overcast","SULTAN ABDUL AZIZ SHAH INTERNATIONAL, MY (Id=48647099999,7.5KM), WMSA (Id=WMSA,7.5KM), KUALA LUMPUR INTERNATIONAL, MY (Id=48650099999,45.0KM), WMKK (Id=WMKK,46.0KM)"
"Selangor, Malaysia",09/19/2011,32.9,24.9,27.6,,40.6,11.9,,,18.1,240,,8.3,90.4,84.84,"Rain, Overcast","SULTAN ABDUL AZIZ SHAH INTERNATIONAL, MY (Id=48647099999,7.5KM), WMSA (Id=WMSA,7.5KM), KUALA LUMPUR INTERNATIONAL, MY (Id=48650099999,45.0KM), WMKK (Id=WMKK,46.0KM)"
"Selangor, Malaysia",09/20/2011,31,23.1,27.5,,37.7,21.53,,,17.9,135.13,,7.8,89.9,84.32,"Rain, Overcast","SULTAN ABDUL AZIZ SHAH INTERNATIONAL, MY (Id=48647099999,7.5KM), WMSA (Id=WMSA,7.5KM), KUALA LUMPUR INTERNATIONAL, MY (Id=48650099999,45.0KM), WMKK (Id=WMKK,46.0KM)"
"Selangor, Malaysia",09/21/2011,31,24.2,26.4,,39,30,,,16.6,157.83,,6.2,90.3,90.3,"Rain, Overcast","SULTAN ABDUL AZIZ SHAH INTERNATIONAL, MY (Id=48647099999,7.5KM), WMSA (Id=WMSA,7.5KM), KUALA LUMPUR INTERNATIONAL, MY (Id=48650099999,45.0KM), WMKK (Id=WMKK,46.0KM)"
"Selangor, Malaysia",09/22/2011,30.9,25,27,,37.6,1.71,,,11.1,140.08,,8.9,91.5,87.3,"Rain, Overcast","SULTAN ABDUL AZIZ SHAH INTERNATIONAL, MY (Id=48647099999,7.5KM), WMSA (Id=WMSA,7.5KM), KUALA LUMPUR INTERNATIONAL, MY (Id=48650099999,45.0KM), WMKK (Id=WMKK,46.0KM)"
"Selangor, Malaysia",09/23/2011,34.9,25,29.6,,39.7,0,,,14.8,125,,9.7,89,73.55,Overcast,"SULTAN ABDUL AZIZ SHAH INTERNATIONAL, MY (Id=48647099999,7.5KM), WMSA (Id=WMSA,7.5KM), KUALA LUMPUR INTERNATIONAL, MY (Id=48650099999,45.0KM), WMKK (Id=WMKK,46.0KM)"
"Selangor, Malaysia",09/24/2011,34,25,29.2,,41.9,0,,,20.2,238.13,,9.4,89,76.94,Overcast,"SULTAN ABDUL AZIZ SHAH INTERNATIONAL, MY (Id=48647099999,7.5KM), WMSA (Id=WMSA,7.5KM), KUALA LUMPUR INTERNATIONAL, MY (Id=48650099999,45.0KM), WMKK (Id=WMKK,46.0KM)"
"Selangor, Malaysia",09/25/2011,32,26,28.9,,39.3,9.4,,,12.8,215.96,,7.6,89,81.38,"Rain, Overcast","SULTAN ABDUL AZIZ SHAH INTERNATIONAL, MY (Id=48647099999,7.5KM), WMSA (Id=WMSA,7.5KM), KUALA LUMPUR INTERNATIONAL, MY (Id=48650099999,45.0KM), WMKK (Id=WMKK,46.0KM)"
"Selangor, Malaysia",09/26/2011,31,23.9,27.9,,40.6,1,,,20.4,241.58,,8.3,89.9,84.98,"Rain, Overcast","SULTAN ABDUL AZIZ SHAH INTERNATIONAL, MY (Id=48647099999,7.5KM), WMSA (Id=WMSA,7.5KM), KUALA LUMPUR INTERNATIONAL, MY (Id=48650099999,45.0KM), WMKK (Id=WMKK,46.0KM)"
"Selangor, Malaysia",09/27/2011,33,23.9,28.1,,39.3,27.37,,,14.8,262.5,,8.9,91.7,79.07,"Rain, Overcast","SULTAN ABDUL AZIZ SHAH INTERNATIONAL, MY (Id=48647099999,7.5KM), WMSA (Id=WMSA,7.5KM), KUALA LUMPUR INTERNATIONAL, MY (Id=48650099999,45.0KM), WMKK (Id=WMKK,46.0KM)"
"Selangor, Malaysia",09/28/2011,34,25.9,29.7,,40.5,0.3,,,12.9,170.92,,9,89,71.54,"Rain, Overcast","SULTAN ABDUL AZIZ SHAH INTERNATIONAL, MY (Id=48647099999,7.5KM), WMSA (Id=WMSA,7.5KM), KUALA LUMPUR INTERNATIONAL, MY (Id=48650099999,45.0KM), WMKK (Id=WMKK,46.0KM)"
"Selangor, Malaysia",09/29/2011,33.9,26,30.2,,40.5,0,,,14.6,191.33,33.5,11.2,89,69.47,Overcast,"SULTAN ABDUL AZIZ SHAH INTERNATIONAL, MY (Id=48647099999,7.5KM), WMSA (Id=WMSA,7.5KM), KUALA LUMPUR INTERNATIONAL, MY (Id=48650099999,45.0KM), WMKK (Id=WMKK,46.0KM)"
"Selangor, Malaysia",09/30/2011,32,26.9,28.8,,39.2,11.9,,,14.8,178.04,,9.9,89,81.16,"Rain, Overcast","SULTAN ABDUL AZIZ SHAH INTERNATIONAL, MY (Id=48647099999,7.5KM), WMSA (Id=WMSA,7.5KM), KUALA LUMPUR INTERNATIONAL, MY (Id=48650099999,45.0KM), WMKK (Id=WMKK,46.0KM)"
"Selangor, Malaysia",10/01/2011,33.9,25,28.4,,41.8,0.5,,,20.2,87.21,,8.5,89.5,83.3,"Rain, Overcast","SULTAN ABDUL AZIZ SHAH INTERNATIONAL, MY (Id=48647099999,7.5KM), WMSA (Id=WMSA,7.5KM), KUALA LUMPUR INTERNATIONAL, MY (Id=48650099999,45.0KM), WMKK (Id=WMKK,46.0KM)"
"Selangor, Malaysia",10/02/2011,31.9,25,27.8,,39.1,1.5,,,14.6,157.71,,9,89,82.8,"Rain, Overcast","SULTAN ABDUL AZIZ SHAH INTERNATIONAL, MY (Id=48647099999,7.5KM), WMSA (Id=WMSA,7.5KM), KUALA LUMPUR INTERNATIONAL, MY (Id=48650099999,45.0KM), WMKK (Id=WMKK,46.0KM)"
"Selangor, Malaysia",10/03/2011,33.9,25,28.6,,40.5,0,,,25.6,248.83,,10.1,89,79.12,Overcast,"SULTAN ABDUL AZIZ SHAH INTERNATIONAL, MY (Id=48647099999,7.5KM), WMSA (Id=WMSA,7.5KM), KUALA LUMPUR INTERNATIONAL, MY (Id=48650099999,45.0KM), WMKK (Id=WMKK,46.0KM)"
"Selangor, Malaysia",10/04/2011,30,25.9,27.7,,35.7,0,,,16.4,162.13,,10.5,89.1,83.2,Overcast,"SULTAN ABDUL AZIZ SHAH INTERNATIONAL, MY (Id=48647099999,7.5KM), WMSA (Id=WMSA,7.5KM), KUALA LUMPUR INTERNATIONAL, MY (Id=48650099999,45.0KM), WMKK (Id=WMKK,46.0KM)"
"Selangor, Malaysia",10/05/2011,30,25.7,26.9,,36.2,2,,,11.3,191.92,,9.2,89,85.81,"Rain, Overcast","SULTAN ABDUL AZIZ SHAH INTERNATIONAL, MY (Id=48647099999,7.5KM), WMSA (Id=WMSA,7.5KM), KUALA LUMPUR INTERNATIONAL, MY (Id=48650099999,45.0KM), WMKK (Id=WMKK,46.0KM)"
"Selangor, Malaysia",10/06/2011,33.9,25,28.5,,40.5,0,,,16.3,162.88,,9.9,89,79.11,Overcast,"SULTAN ABDUL AZIZ SHAH INTERNATIONAL, MY (Id=48647099999,7.5KM), WMSA (Id=WMSA,7.5KM), KUALA LUMPUR INTERNATIONAL, MY (Id=48650099999,45.0KM), WMKK (Id=WMKK,46.0KM)"
"Selangor, Malaysia",10/07/2011,33.9,25.9,28.2,,41.8,0,,,18.3,196.08,,9.1,89,82.1,Overcast,"SULTAN ABDUL AZIZ SHAH INTERNATIONAL, MY (Id=48647099999,7.5KM), WMSA (Id=WMSA,7.5KM), KUALA LUMPUR INTERNATIONAL, MY (Id=48650099999,45.0KM), WMKK (Id=WMKK,46.0KM)"
"Selangor, Malaysia",10/08/2011,31.7,26,27.6,,39,6.9,,,10.9,147,,7,88.8,86.36,"Rain, Overcast","SULTAN ABDUL AZIZ SHAH INTERNATIONAL, MY (Id=48647099999,7.5KM), WMSA (Id=WMSA,7.5KM), KUALA LUMPUR INTERNATIONAL, MY (Id=48650099999,45.0KM), WMKK (Id=WMKK,46.0KM)"
"Selangor, Malaysia",10/09/2011,33,24,28.3,,39.2,5.05,,,18.3,276.25,,10.1,89.9,78.04,"Rain, Overcast","SULTAN ABDUL AZIZ SHAH INTERNATIONAL, MY (Id=48647099999,7.5KM), WMSA (Id=WMSA,7.5KM), KUALA LUMPUR INTERNATIONAL, MY (Id=48650099999,45.0KM), WMKK (Id=WMKK,46.0KM)"
"Selangor, Malaysia",10/10/2011,33.9,25,29.3,,40.5,0,,,18.1,237.54,,10,89,75.48,Overcast,"SULTAN ABDUL AZIZ SHAH INTERNATIONAL, MY (Id=48647099999,7.5KM), WMSA (Id=WMSA,7.5KM), KUALA LUMPUR INTERNATIONAL, MY (Id=48650099999,45.0KM), WMKK (Id=WMKK,46.0KM)"
"Selangor, Malaysia",10/11/2011,31.9,25.7,28.5,,37.8,23.9,,,11,205.71,,10.2,89.5,77.61,"Rain, Overcast","SULTAN ABDUL AZIZ SHAH INTERNATIONAL, MY (Id=48647099999,7.5KM), WMSA (Id=WMSA,7.5KM), KUALA LUMPUR INTERNATIONAL, MY (Id=48650099999,45.0KM), WMKK (Id=WMKK,46.0KM)"
"Selangor, Malaysia",10/12/2011,34.9,26,29.8,,39.5,0,,,14.9,111.33,,10.1,89,71.83,Overcast,"SULTAN ABDUL AZIZ SHAH INTERNATIONAL, MY (Id=48647099999,7.5KM), WMSA (Id=WMSA,7.5KM), KUALA LUMPUR INTERNATIONAL, MY (Id=48650099999,45.0KM), WMKK (Id=WMKK,46.0KM)"
"Selangor, Malaysia",10/13/2011,34.9,26,30.1,,40.6,0,,,14.6,178.04,,9.4,89,69.27,Overcast,"SULTAN ABDUL AZIZ SHAH INTERNATIONAL, MY (Id=48647099999,7.5KM), WMSA (Id=WMSA,7.5KM), KUALA LUMPUR INTERNATIONAL, MY (Id=48650099999,45.0KM), WMKK (Id=WMKK,46.0KM)"
"Selangor, Malaysia",10/14/2011,34.1,26,29,,42,4.1,,,25.6,220.25,46.4,8.3,89,78.69,"Rain, Overcast","SULTAN ABDUL AZIZ SHAH INTERNATIONAL, MY (Id=48647099999,7.5KM), WMSA (Id=WMSA,7.5KM), KUALA LUMPUR INTERNATIONAL, MY (Id=48650099999,45.0KM), WMKK (Id=WMKK,46.0KM)"
"Selangor, Malaysia",10/15/2011,33.9,25,28.4,,43,3,,,16.6,119.29,,6.9,89.5,84.1,"Rain, Overcast","SULTAN ABDUL AZIZ SHAH INTERNATIONAL, MY (Id=48647099999,7.5KM), WMSA (Id=WMSA,7.5KM), KUALA LUMPUR INTERNATIONAL, MY (Id=48650099999,45.0KM), WMKK (Id=WMKK,46.0KM)"
"Selangor, Malaysia",10/16/2011,33,26.8,28.4,,40.6,7.13,,,27.3,147.92,,7.3,89.7,85.24,"Rain, Overcast","SULTAN ABDUL AZIZ SHAH INTERNATIONAL, MY (Id=48647099999,7.5KM), WMSA (Id=WMSA,7.5KM), KUALA LUMPUR INTERNATIONAL, MY (Id=48650099999,45.0KM), WMKK (Id=WMKK,46.0KM)"
"Selangor, Malaysia",10/17/2011,34,24.9,28.2,,43.4,20.07,,,14.7,221.96,,7.8,89,84.42,"Rain, Overcast","SULTAN ABDUL AZIZ SHAH INTERNATIONAL, MY (Id=48647099999,7.5KM), WMSA (Id=WMSA,7.5KM), KUALA LUMPUR INTERNATIONAL, MY (Id=48650099999,45.0KM), WMKK (Id=WMKK,46.0KM)"
"Selangor, Malaysia",10/18/2011,32.9,25,27.2,,42,32.71,,,13,264.25,,7.1,90.4,88.78,"Rain, Overcast","SULTAN ABDUL AZIZ SHAH INTERNATIONAL, MY (Id=48647099999,7.5KM), WMSA (Id=WMSA,7.5KM), KUALA LUMPUR INTERNATIONAL, MY (Id=48650099999,45.0KM), WMKK (Id=WMKK,46.0KM)"
"Selangor, Malaysia",10/19/2011,30,25,26.4,,36,2.93,,,12.9,197.79,,7.7,91,90.66,"Rain, Overcast","SULTAN ABDUL AZIZ SHAH INTERNATIONAL, MY (Id=48647099999,7.5KM), WMSA (Id=WMSA,7.5KM), KUALA LUMPUR INTERNATIONAL, MY (Id=48650099999,45.0KM), WMKK (Id=WMKK,46.0KM)"
"Selangor, Malaysia",10/20/2011,32.9,24,27.3,,42,22.19,,,12.9,183.5,,8.3,90.8,86.59,"Rain, Overcast","SULTAN ABDUL AZIZ SHAH INTERNATIONAL, MY (Id=48647099999,7.5KM), WMSA (Id=WMSA,7.5KM), KUALA LUMPUR INTERNATIONAL, MY (Id=48650099999,45.0KM), WMKK (Id=WMKK,46.0KM)"
"Selangor, Malaysia",10/21/2011,32,24,26.9,,40.6,99.81,,,25.5,188.54,46.4,8.1,92.6,88.6,"Rain, Overcast","SULTAN ABDUL AZIZ SHAH INTERNATIONAL, MY (Id=48647099999,7.5KM), WMSA (Id=WMSA,7.5KM), KUALA LUMPUR INTERNATIONAL, MY (Id=48650099999,45.0KM), WMKK (Id=WMKK,46.0KM)"
"Selangor, Malaysia",10/22/2011,32.9,24,27.8,,41.5,3,,,12.9,225.67,,8.2,89.9,85.4,"Rain, Overcast","SULTAN ABDUL AZIZ SHAH INTERNATIONAL, MY (Id=48647099999,7.5KM), WMSA (Id=WMSA,7.5KM), KUALA LUMPUR INTERNATIONAL, MY (Id=48650099999,45.0KM), WMKK (Id=WMKK,46.0KM)"
"Selangor, Malaysia",10/23/2011,34.1,25,28,,43.4,9.02,,,11.2,151.43,27.7,8.1,89,85.93,"Rain, Overcast","SULTAN ABDUL AZIZ SHAH INTERNATIONAL, MY (Id=48647099999,7.5KM), WMSA (Id=WMSA,7.5KM), KUALA LUMPUR INTERNATIONAL, MY (Id=48650099999,45.0KM), WMKK (Id=WMKK,46.0KM)"
"Selangor, Malaysia",10/24/2011,34.9,25,28.3,,44.7,22.1,,,16.8,175.17,,8.1,90.8,85.15,"Rain, Overcast","SULTAN ABDUL AZIZ SHAH INTERNATIONAL, MY (Id=48647099999,7.5KM), WMSA (Id=WMSA,7.5KM), KUALA LUMPUR INTERNATIONAL, MY (Id=48650099999,45.0KM), WMKK (Id=WMKK,46.0KM)"
"Selangor, Malaysia",10/25/2011,31.9,25.9,27.3,,40.5,13.6,,,14.6,216.5,,7.6,89.2,88.26,"Rain, Overcast","SULTAN ABDUL AZIZ SHAH INTERNATIONAL, MY (Id=48647099999,7.5KM), WMSA (Id=WMSA,7.5KM), KUALA LUMPUR INTERNATIONAL, MY (Id=48650099999,45.0KM), WMKK (Id=WMKK,46.0KM)"
"Selangor, Malaysia",10/26/2011,33,25,26.9,,42,22.1,,,16.5,243.75,,6.2,90.8,90.42,"Rain, Overcast","SULTAN ABDUL AZIZ SHAH INTERNATIONAL, MY (Id=48647099999,7.5KM), WMSA (Id=WMSA,7.5KM), KUALA LUMPUR INTERNATIONAL, MY (Id=48650099999,45.0KM), WMKK (Id=WMKK,46.0KM)"
"Selangor, Malaysia",10/27/2011,32.9,25,27.5,,43.2,14.22,,,16.4,260.67,,8.4,89.2,89.09,"Rain, Overcast","SULTAN ABDUL AZIZ SHAH INTERNATIONAL, MY (Id=48647099999,7.5KM), WMSA (Id=WMSA,7.5KM), KUALA LUMPUR INTERNATIONAL, MY (Id=48650099999,45.0KM), WMKK (Id=WMKK,46.0KM)"
"Selangor, Malaysia",10/28/2011,33.6,24.1,27.4,,42.9,47.32,,,16.4,242.46,,8,90.3,88.48,"Rain, Overcast","SULTAN ABDUL AZIZ SHAH INTERNATIONAL, MY (Id=48647099999,7.5KM), WMSA (Id=WMSA,7.5KM), KUALA LUMPUR INTERNATIONAL, MY (Id=48650099999,45.0KM), WMKK (Id=WMKK,46.0KM)"
"Selangor, Malaysia",10/29/2011,33,24.8,28.3,,41.3,0,,,14.9,148.58,,8.6,89,81.74,Overcast,"SULTAN ABDUL AZIZ SHAH INTERNATIONAL, MY (Id=48647099999,7.5KM), WMSA (Id=WMSA,7.5KM), KUALA LUMPUR INTERNATIONAL, MY (Id=48650099999,45.0KM), WMKK (Id=WMKK,46.0KM)"
"Selangor, Malaysia",10/30/2011,33.9,25,28,,43.4,27.4,,,16.2,190.63,,8.1,89.5,85.7,"Rain, Overcast","SULTAN ABDUL AZIZ SHAH INTERNATIONAL, MY (Id=48647099999,7.5KM), WMSA (Id=WMSA,7.5KM), KUALA LUMPUR INTERNATIONAL, MY (Id=48650099999,45.0KM), WMKK (Id=WMKK,46.0KM)"
"Selangor, Malaysia",10/31/2011,32.8,25,27.3,,43.5,65.96,,,16.4,209.04,,7.7,91.7,90.02,"Rain, Overcast","SULTAN ABDUL AZIZ SHAH INTERNATIONAL, MY (Id=48647099999,7.5KM), WMSA (Id=WMSA,7.5KM), KUALA LUMPUR INTERNATIONAL, MY (Id=48650099999,45.0KM), WMKK (Id=WMKK,46.0KM)"
"Selangor, Malaysia",11/01/2011,33.7,24.9,27.6,,43.8,20.63,,,25.6,241.08,,7.9,93.1,88.16,"Rain, Overcast","SULTAN ABDUL AZIZ SHAH INTERNATIONAL, MY (Id=48647099999,7.5KM), WMSA (Id=WMSA,7.5KM), KUALA LUMPUR INTERNATIONAL, MY (Id=48650099999,45.0KM), WMKK (Id=WMKK,46.0KM)"
"Selangor, Malaysia",11/02/2011,31,24.2,26.3,,36.6,45,,,17.9,216.38,,7.7,92.4,89.43,"Rain, Overcast","SULTAN ABDUL AZIZ SHAH INTERNATIONAL, MY (Id=48647099999,7.5KM), WMSA (Id=WMSA,7.5KM), KUALA LUMPUR INTERNATIONAL, MY (Id=48650099999,45.0KM), WMKK (Id=WMKK,46.0KM)"
"Selangor, Malaysia",11/03/2011,29.9,24,26.2,,36.1,18,,,11,167.67,,6.9,92.2,92.38,"Rain, Overcast","SULTAN ABDUL AZIZ SHAH INTERNATIONAL, MY (Id=48647099999,7.5KM), WMSA (Id=WMSA,7.5KM), KUALA LUMPUR INTERNATIONAL, MY (Id=48650099999,45.0KM), WMKK (Id=WMKK,46.0KM)"
"Selangor, Malaysia",11/04/2011,32,25,28.2,,40.5,0,,,10.9,180.13,,8.2,89.5,85.53,Overcast,"SULTAN ABDUL AZIZ SHAH INTERNATIONAL, MY (Id=48647099999,7.5KM), WMSA (Id=WMSA,7.5KM), KUALA LUMPUR INTERNATIONAL, MY (Id=48650099999,45.0KM), WMKK (Id=WMKK,46.0KM)"
"Selangor, Malaysia",11/05/2011,31.1,25,27.6,,39,1.72,,,18.2,231.63,,9.6,89.1,85.85,"Rain, Overcast","SULTAN ABDUL AZIZ SHAH INTERNATIONAL, MY (Id=48647099999,7.5KM), WMSA (Id=WMSA,7.5KM), KUALA LUMPUR INTERNATIONAL, MY (Id=48650099999,45.0KM), WMKK (Id=WMKK,46.0KM)"
"Selangor, Malaysia",11/06/2011,32,25,28,,40.6,3,,,14.8,270.25,,10.3,89.2,85.17,"Rain, Overcast","SULTAN ABDUL AZIZ SHAH INTERNATIONAL, MY (Id=48647099999,7.5KM), WMSA (Id=WMSA,7.5KM), KUALA LUMPUR INTERNATIONAL, MY (Id=48650099999,45.0KM), WMKK (Id=WMKK,46.0KM)"
"Selangor, Malaysia",11/07/2011,31,25,27.7,,39.1,4.8,,,20.3,290.5,,10.2,90.1,86.81,"Rain, Overcast","SULTAN ABDUL AZIZ SHAH INTERNATIONAL, MY (Id=48647099999,7.5KM), WMSA (Id=WMSA,7.5KM), KUALA LUMPUR INTERNATIONAL, MY (Id=48650099999,45.0KM), WMKK (Id=WMKK,46.0KM)"
"Selangor, Malaysia",11/08/2011,31.9,25,28.3,,40.5,4,,,16.4,308.17,,9.3,89.5,84.71,"Rain, Overcast","SULTAN ABDUL AZIZ SHAH INTERNATIONAL, MY (Id=48647099999,7.5KM), WMSA (Id=WMSA,7.5KM), KUALA LUMPUR INTERNATIONAL, MY (Id=48650099999,45.0KM), WMKK (Id=WMKK,46.0KM)"
"Selangor, Malaysia",11/09/2011,33.7,25.9,29.2,,43.7,1.8,,,20.4,296.75,,9.6,89,81.18,"Rain, Overcast","SULTAN ABDUL AZIZ SHAH INTERNATIONAL, MY (Id=48647099999,7.5KM), WMSA (Id=WMSA,7.5KM), KUALA LUMPUR INTERNATIONAL, MY (Id=48650099999,45.0KM), WMKK (Id=WMKK,46.0KM)"
"Selangor, Malaysia",11/10/2011,34.9,25,29.6,,46.6,0,,,20.4,221.42,,9.9,89,80,Overcast,"SULTAN ABDUL AZIZ SHAH INTERNATIONAL, MY (Id=48647099999,7.5KM), WMSA (Id=WMSA,7.5KM), KUALA LUMPUR INTERNATIONAL, MY (Id=48650099999,45.0KM), WMKK (Id=WMKK,46.0KM)"
"Selangor, Malaysia",11/11/2011,32.9,25.7,28.6,,42.2,18.8,,,14.7,195.33,,9.2,89.9,85.12,"Rain, Overcast","SULTAN ABDUL AZIZ SHAH INTERNATIONAL, MY (Id=48647099999,7.5KM), WMSA (Id=WMSA,7.5KM), KUALA LUMPUR INTERNATIONAL, MY (Id=48650099999,45.0KM), WMKK (Id=WMKK,46.0KM)"
"Selangor, Malaysia",11/12/2011,31.9,24.9,27.5,,40.5,50.35,,,17.9,220,,8.2,91.6,86.78,"Rain, Overcast","SULTAN ABDUL AZIZ SHAH INTERNATIONAL, MY (Id=48647099999,7.5KM), WMSA (Id=WMSA,7.5KM), KUALA LUMPUR INTERNATIONAL, MY (Id=48650099999,45.0KM), WMKK (Id=WMKK,46.0KM)"
"Selangor, Malaysia",11/13/2011,34,24.1,27.7,,44.6,22.54,,,16.6,187.67,35.3,8.6,90.4,86.95,"Rain, Overcast","SULTAN ABDUL AZIZ SHAH INTERNATIONAL, MY (Id=48647099999,7.5KM), WMSA (Id=WMSA,7.5KM), KUALA LUMPUR INTERNATIONAL, MY (Id=48650099999,45.0KM), WMKK (Id=WMKK,46.0KM)"
"Selangor, Malaysia",11/14/2011,32.9,24.7,27.7,,42.2,6.1,,,14.7,236.83,,9,89.9,87.71,"Rain, Overcast","SULTAN ABDUL AZIZ SHAH INTERNATIONAL, MY (Id=48647099999,7.5KM), WMSA (Id=WMSA,7.5KM), KUALA LUMPUR INTERNATIONAL, MY (Id=48650099999,45.0KM), WMKK (Id=WMKK,46.0KM)"
"Selangor, Malaysia",11/15/2011,32.9,24,26.6,,42,40.01,,,13.4,200.79,,8.7,89.4,90.19,"Rain, Overcast","SULTAN ABDUL AZIZ SHAH INTERNATIONAL, MY (Id=48647099999,7.5KM), WMSA (Id=WMSA,7.5KM), KUALA LUMPUR INTERNATIONAL, MY (Id=48650099999,45.0KM), WMKK (Id=WMKK,46.0KM)"
"Selangor, Malaysia",11/16/2011,32.9,24,26.7,,43.7,38.1,,,40.5,193.29,148.3,7.5,89.5,89.93,"Rain, Overcast","SULTAN ABDUL AZIZ SHAH INTERNATIONAL, MY (Id=48647099999,7.5KM), WMSA (Id=WMSA,7.5KM), KUALA LUMPUR INTERNATIONAL, MY (Id=48650099999,45.0KM), WMKK (Id=WMKK,46.0KM)"
"Selangor, Malaysia",11/17/2011,33.9,25,27.3,,45.2,7.74,,,14.7,209,,8.2,89,88.9,"Rain, Overcast","SULTAN ABDUL AZIZ SHAH INTERNATIONAL, MY (Id=48647099999,7.5KM), WMSA (Id=WMSA,7.5KM), KUALA LUMPUR INTERNATIONAL, MY (Id=48650099999,45.0KM), WMKK (Id=WMKK,46.0KM)"
"Selangor, Malaysia",11/18/2011,31,24.8,26.6,,40.6,9.9,,,14.7,178.88,,7.6,90.3,92.08,"Rain, Overcast","SULTAN ABDUL AZIZ SHAH INTERNATIONAL, MY (Id=48647099999,7.5KM), WMSA (Id=WMSA,7.5KM), KUALA LUMPUR INTERNATIONAL, MY (Id=48650099999,45.0KM), WMKK (Id=WMKK,46.0KM)"
"Selangor, Malaysia",11/19/2011,34.9,25,28.3,,46.7,0.3,,,16.4,187.79,,8,89,86.04,"Rain, Overcast","SULTAN ABDUL AZIZ SHAH INTERNATIONAL, MY (Id=48647099999,7.5KM), WMSA (Id=WMSA,7.5KM), KUALA LUMPUR INTERNATIONAL, MY (Id=48650099999,45.0KM), WMKK (Id=WMKK,46.0KM)"
"Selangor, Malaysia",11/20/2011,32.9,25.8,27.2,,43.7,9.61,,,9.3,122.67,,8.8,92.1,90.72,"Rain, Overcast","SULTAN ABDUL AZIZ SHAH INTERNATIONAL, MY (Id=48647099999,7.5KM), WMSA (Id=WMSA,7.5KM), KUALA LUMPUR INTERNATIONAL, MY (Id=48650099999,45.0KM), WMKK (Id=WMKK,46.0KM)"
"Selangor, Malaysia",11/21/2011,32.9,24.9,27.5,,42.1,0.8,,,14.7,211.79,,7.2,89,89.87,"Rain, Overcast","SULTAN ABDUL AZIZ SHAH INTERNATIONAL, MY (Id=48647099999,7.5KM), WMSA (Id=WMSA,7.5KM), KUALA LUMPUR INTERNATIONAL, MY (Id=48650099999,45.0KM), WMKK (Id=WMKK,46.0KM)"
"Selangor, Malaysia",11/22/2011,32.9,25,27.6,,43.8,26.74,,,16.5,279.38,,7.8,89.9,90.48,"Rain, Overcast","SULTAN ABDUL AZIZ SHAH INTERNATIONAL, MY (Id=48647099999,7.5KM), WMSA (Id=WMSA,7.5KM), KUALA LUMPUR INTERNATIONAL, MY (Id=48650099999,45.0KM), WMKK (Id=WMKK,46.0KM)"
"Selangor, Malaysia",11/23/2011,30.9,25,27.5,,39,20.1,,,9.6,176.88,,9.3,91.2,86.34,"Rain, Overcast","SULTAN ABDUL AZIZ SHAH INTERNATIONAL, MY (Id=48647099999,7.5KM), WMSA (Id=WMSA,7.5KM), KUALA LUMPUR INTERNATIONAL, MY (Id=48650099999,45.0KM), WMKK (Id=WMKK,46.0KM)"
"Selangor, Malaysia",11/24/2011,33.9,25,28.6,,40.6,4.6,,,15.3,109.54,33.5,9.9,89.1,77.36,"Rain, Overcast","SULTAN ABDUL AZIZ SHAH INTERNATIONAL, MY (Id=48647099999,7.5KM), WMSA (Id=WMSA,7.5KM), KUALA LUMPUR INTERNATIONAL, MY (Id=48650099999,45.0KM), WMKK (Id=WMKK,46.0KM)"
"Selangor, Malaysia",11/25/2011,34.9,26,28.7,,43.3,1.1,,,16.8,240.79,,9.6,89.1,82.25,"Rain, Overcast","SULTAN ABDUL AZIZ SHAH INTERNATIONAL, MY (Id=48647099999,7.5KM), WMSA (Id=WMSA,7.5KM), KUALA LUMPUR INTERNATIONAL, MY (Id=48650099999,45.0KM), WMKK (Id=WMKK,46.0KM)"
"Selangor, Malaysia",11/26/2011,34,26,28.2,,42.4,3,,,14.7,166.13,,7.3,89.5,85.99,"Rain, Overcast","SULTAN ABDUL AZIZ SHAH INTERNATIONAL, MY (Id=48647099999,7.5KM), WMSA (Id=WMSA,7.5KM), KUALA LUMPUR INTERNATIONAL, MY (Id=48650099999,45.0KM), WMKK (Id=WMKK,46.0KM)"
"Selangor, Malaysia",11/27/2011,31.9,25.8,27.6,,40.6,13.25,,,12.9,238.96,,7.6,90.1,89.13,"Rain, Overcast","SULTAN ABDUL AZIZ SHAH INTERNATIONAL, MY (Id=48647099999,7.5KM), WMSA (Id=WMSA,7.5KM), KUALA LUMPUR INTERNATIONAL, MY (Id=48650099999,45.0KM), WMKK (Id=WMKK,46.0KM)"
"Selangor, Malaysia",11/28/2011,30.9,25,27.8,,39,3.86,,,18.2,186.04,,8.7,89,89.08,"Rain, Overcast","SULTAN ABDUL AZIZ SHAH INTERNATIONAL, MY (Id=48647099999,7.5KM), WMSA (Id=WMSA,7.5KM), KUALA LUMPUR INTERNATIONAL, MY (Id=48650099999,45.0KM), WMKK (Id=WMKK,46.0KM)"
"Selangor, Malaysia",11/29/2011,32,25,27.8,,39.2,8.97,,,13,189.83,24.1,8.7,89.1,88.21,"Rain, Overcast","SULTAN ABDUL AZIZ SHAH INTERNATIONAL, MY (Id=48647099999,7.5KM), WMSA (Id=WMSA,7.5KM), KUALA LUMPUR INTERNATIONAL, MY (Id=48650099999,45.0KM), WMKK (Id=WMKK,46.0KM)"
"Selangor, Malaysia",11/30/2011,33.9,25.8,28,,43.4,29.5,,,18.1,237.13,,9.6,89.1,86.66,"Rain, Overcast","SULTAN ABDUL AZIZ SHAH INTERNATIONAL, MY (Id=48647099999,7.5KM), WMSA (Id=WMSA,7.5KM), KUALA LUMPUR INTERNATIONAL, MY (Id=48650099999,45.0KM), WMKK (Id=WMKK,46.0KM)"
"Selangor, Malaysia",12/01/2011,31.1,25,28,,39.5,6.1,,,20.3,268.38,37.1,9.2,90.4,86.91,"Rain, Overcast","SULTAN ABDUL AZIZ SHAH INTERNATIONAL, MY (Id=48647099999,7.5KM), WMSA (Id=WMSA,7.5KM), KUALA LUMPUR INTERNATIONAL, MY (Id=48650099999,45.0KM), WMKK (Id=WMKK,46.0KM)"
"Selangor, Malaysia",12/02/2011,31.9,24.9,26.8,,39.1,30.95,,,23.6,214,,8.6,90.8,90.45,"Rain, Overcast","SULTAN ABDUL AZIZ SHAH INTERNATIONAL, MY (Id=48647099999,7.5KM), WMSA (Id=WMSA,7.5KM), KUALA LUMPUR INTERNATIONAL, MY (Id=48650099999,45.0KM), WMKK (Id=WMKK,46.0KM)"
"Selangor, Malaysia",12/03/2011,33.9,24,28.5,,41.8,4.02,,,11.2,149.54,,10.1,89.5,80.07,"Rain, Overcast","SULTAN ABDUL AZIZ SHAH INTERNATIONAL, MY (Id=48647099999,7.5KM), WMSA (Id=WMSA,7.5KM), KUALA LUMPUR INTERNATIONAL, MY (Id=48650099999,45.0KM), WMKK (Id=WMKK,46.0KM)"
"Selangor, Malaysia",12/04/2011,32.9,24,27.9,,40.5,35.1,,,27.2,137.17,,9.5,90.8,82.47,"Rain, Overcast","SULTAN ABDUL AZIZ SHAH INTERNATIONAL, MY (Id=48647099999,7.5KM), WMSA (Id=WMSA,7.5KM), KUALA LUMPUR INTERNATIONAL, MY (Id=48650099999,45.0KM), WMKK (Id=WMKK,46.0KM)"
"Selangor, Malaysia",12/05/2011,30.9,24,27.1,,38.9,0.5,,,18.1,287.96,,9.4,89.9,85.34,"Rain, Overcast","SULTAN ABDUL AZIZ SHAH INTERNATIONAL, MY (Id=48647099999,7.5KM), WMSA (Id=WMSA,7.5KM), KUALA LUMPUR INTERNATIONAL, MY (Id=48650099999,45.0KM), WMKK (Id=WMKK,46.0KM)"
"Selangor, Malaysia",12/06/2011,32.9,25,28.4,,40.5,0,,,12.8,116.79,,8.8,89,82.36,Overcast,"SULTAN ABDUL AZIZ SHAH INTERNATIONAL, MY (Id=48647099999,7.5KM), WMSA (Id=WMSA,7.5KM), KUALA LUMPUR INTERNATIONAL, MY (Id=48650099999,45.0KM), WMKK (Id=WMKK,46.0KM)"
"Selangor, Malaysia",12/07/2011,33.9,24.9,27.9,,42,6.4,,,14.8,251.42,,7.5,89.9,84.72,"Rain, Overcast","SULTAN ABDUL AZIZ SHAH INTERNATIONAL, MY (Id=48647099999,7.5KM), WMSA (Id=WMSA,7.5KM), KUALA LUMPUR INTERNATIONAL, MY (Id=48650099999,45.0KM), WMKK (Id=WMKK,46.0KM)"
"Selangor, Malaysia",12/08/2011,27.9,24.9,26.3,,33.2,12.63,,,16.4,149,,7,92.4,92.14,"Rain, Overcast","SULTAN ABDUL AZIZ SHAH INTERNATIONAL, MY (Id=48647099999,7.5KM), WMSA (Id=WMSA,7.5KM), KUALA LUMPUR INTERNATIONAL, MY (Id=48650099999,45.0KM), WMKK (Id=WMKK,46.0KM)"
"Selangor, Malaysia",12/09/2011,34,23,28.1,,43.4,0,,,16.5,231.29,,9.4,89,81.96,Overcast,"SULTAN ABDUL AZIZ SHAH INTERNATIONAL, MY (Id=48647099999,7.5KM), WMSA (Id=WMSA,7.5KM), KUALA LUMPUR INTERNATIONAL, MY (Id=48650099999,45.0KM), WMKK (Id=WMKK,46.0KM)"
"Selangor, Malaysia",12/10/2011,34.9,25,28.8,,45.2,0,,,13,210.5,,9.6,89,80.06,Overcast,"SULTAN ABDUL AZIZ SHAH INTERNATIONAL, MY (Id=48647099999,7.5KM), WMSA (Id=WMSA,7.5KM), KUALA LUMPUR INTERNATIONAL, MY (Id=48650099999,45.0KM), WMKK (Id=WMKK,46.0KM)"
"Selangor, Malaysia",12/11/2011,31.8,25.9,28.4,,37.8,0,,,13.2,117.75,,10.5,89.5,78.99,Overcast,"SULTAN ABDUL AZIZ SHAH INTERNATIONAL, MY (Id=48647099999,7.5KM), WMSA (Id=WMSA,7.5KM), KUALA LUMPUR INTERNATIONAL, MY (Id=48650099999,45.0KM), WMKK (Id=WMKK,46.0KM)"
"Selangor, Malaysia",12/12/2011,30,24.8,27.5,,36.1,5.3,,,11.1,207.88,,10.1,89.5,82.85,"Rain, Overcast","SULTAN ABDUL AZIZ SHAH INTERNATIONAL, MY (Id=48647099999,7.5KM), WMSA (Id=WMSA,7.5KM), KUALA LUMPUR INTERNATIONAL, MY (Id=48650099999,45.0KM), WMKK (Id=WMKK,46.0KM)"
"Selangor, Malaysia",12/13/2011,32.9,25,27.7,,40.5,17,,,16.4,182.5,,8.4,89,84.25,"Rain, Overcast","SULTAN ABDUL AZIZ SHAH INTERNATIONAL, MY (Id=48647099999,7.5KM), WMSA (Id=WMSA,7.5KM), KUALA LUMPUR INTERNATIONAL, MY (Id=48650099999,45.0KM), WMKK (Id=WMKK,46.0KM)"
"Selangor, Malaysia",12/14/2011,31.9,25,27.9,,40.5,0.3,,,14.6,140.42,,8.4,89.4,85.08,"Rain, Overcast","SULTAN ABDUL AZIZ SHAH INTERNATIONAL, MY (Id=48647099999,7.5KM), WMSA (Id=WMSA,7.5KM), KUALA LUMPUR INTERNATIONAL, MY (Id=48650099999,45.0KM), WMKK (Id=WMKK,46.0KM)"
"Selangor, Malaysia",12/15/2011,32,25,27.2,,40.6,1.6,,,16.3,169.21,,7.3,89,89.15,"Rain, Overcast","SULTAN ABDUL AZIZ SHAH INTERNATIONAL, MY (Id=48647099999,7.5KM), WMSA (Id=WMSA,7.5KM), KUALA LUMPUR INTERNATIONAL, MY (Id=48650099999,45.0KM), WMKK (Id=WMKK,46.0KM)"
"Selangor, Malaysia",12/16/2011,32.1,25,28,,40.5,0.5,,,12.8,177.54,,8.3,89.3,85.11,"Rain, Overcast","SULTAN ABDUL AZIZ SHAH INTERNATIONAL, MY (Id=48647099999,7.5KM), WMSA (Id=WMSA,7.5KM), KUALA LUMPUR INTERNATIONAL, MY (Id=48650099999,45.0KM), WMKK (Id=WMKK,46.0KM)"
"Selangor, Malaysia",12/17/2011,32.9,25.9,27.4,,40.7,26.38,,,15,184.33,42.5,8.5,90.8,87.39,"Rain, Overcast","SULTAN ABDUL AZIZ SHAH INTERNATIONAL, MY (Id=48647099999,7.5KM), WMSA (Id=WMSA,7.5KM), KUALA LUMPUR INTERNATIONAL, MY (Id=48650099999,45.0KM), WMKK (Id=WMKK,46.0KM)"
"Selangor, Malaysia",12/18/2011,31,25,27.9,,37.7,0,,,5.5,212.29,,7.6,90.7,86.04,Overcast,"SULTAN ABDUL AZIZ SHAH INTERNATIONAL, MY (Id=48647099999,7.5KM), WMSA (Id=WMSA,7.5KM), KUALA LUMPUR INTERNATIONAL, MY (Id=48650099999,45.0KM), WMKK (Id=WMKK,46.0KM)"
"Selangor, Malaysia",12/19/2011,30,25,26.8,,36.2,31.66,,,9.4,243.13,,7.7,90.3,91.05,"Rain, Overcast","SULTAN ABDUL AZIZ SHAH INTERNATIONAL, MY (Id=48647099999,7.5KM), WMSA (Id=WMSA,7.5KM), KUALA LUMPUR INTERNATIONAL, MY (Id=48650099999,45.0KM), WMKK (Id=WMKK,46.0KM)"
"Selangor, Malaysia",12/20/2011,32.1,24.8,26.9,,39.5,8.98,,,14.7,186.92,,6.9,89.1,88.62,"Rain, Overcast","SULTAN ABDUL AZIZ SHAH INTERNATIONAL, MY (Id=48647099999,7.5KM), WMSA (Id=WMSA,7.5KM), KUALA LUMPUR INTERNATIONAL, MY (Id=48650099999,45.0KM), WMKK (Id=WMKK,46.0KM)"
"Selangor, Malaysia",12/21/2011,32,24.8,27.8,,40.6,0,,,13,225.33,,7.3,89,86.86,Overcast,"SULTAN ABDUL AZIZ SHAH INTERNATIONAL, MY (Id=48647099999,7.5KM), WMSA (Id=WMSA,7.5KM), KUALA LUMPUR INTERNATIONAL, MY (Id=48650099999,45.0KM), WMKK (Id=WMKK,46.0KM)"
"Selangor, Malaysia",12/22/2011,28,26,27.1,,33.4,2.53,,,5.4,137.33,,8.7,92.6,91.16,"Rain, Overcast","SULTAN ABDUL AZIZ SHAH INTERNATIONAL, MY (Id=48647099999,7.5KM), WMSA (Id=WMSA,7.5KM), KUALA LUMPUR INTERNATIONAL, MY (Id=48650099999,45.0KM), WMKK (Id=WMKK,46.0KM)"
"Selangor, Malaysia",12/23/2011,31.9,24.9,26.9,,40.5,18.09,,,12.9,238.25,,6.9,91.3,90.9,"Rain, Overcast","SULTAN ABDUL AZIZ SHAH INTERNATIONAL, MY (Id=48647099999,7.5KM), WMSA (Id=WMSA,7.5KM), KUALA LUMPUR INTERNATIONAL, MY (Id=48650099999,45.0KM), WMKK (Id=WMKK,46.0KM)"
"Selangor, Malaysia",12/24/2011,28.7,25,26.4,,34.1,11.14,,,14.6,232.75,,7.7,89.5,92.5,"Rain, Overcast","SULTAN ABDUL AZIZ SHAH INTERNATIONAL, MY (Id=48647099999,7.5KM), WMSA (Id=WMSA,7.5KM), KUALA LUMPUR INTERNATIONAL, MY (Id=48650099999,45.0KM), WMKK (Id=WMKK,46.0KM)"
"Selangor, Malaysia",12/25/2011,33,25,28.6,,39.2,0,,,13.3,81.5,,9.8,89,76.73,Overcast,"SULTAN ABDUL AZIZ SHAH INTERNATIONAL, MY (Id=48647099999,7.5KM), WMSA (Id=WMSA,7.5KM), KUALA LUMPUR INTERNATIONAL, MY (Id=48650099999,45.0KM), WMKK (Id=WMKK,46.0KM)"
"Selangor, Malaysia",12/26/2011,34,26,29.4,,40.5,0,,,13.2,78.42,,10.7,89,69.13,Overcast,"SULTAN ABDUL AZIZ SHAH INTERNATIONAL, MY (Id=48647099999,7.5KM), WMSA (Id=WMSA,7.5KM), KUALA LUMPUR INTERNATIONAL, MY (Id=48650099999,45.0KM), WMKK (Id=WMKK,46.0KM)"
"Selangor, Malaysia",12/27/2011,34.9,25.7,28.4,,43.6,6.97,,,11.2,184.25,,8.5,89.5,78.51,"Rain, Overcast","SULTAN ABDUL AZIZ SHAH INTERNATIONAL, MY (Id=48647099999,7.5KM), WMSA (Id=WMSA,7.5KM), KUALA LUMPUR INTERNATIONAL, MY (Id=48650099999,45.0KM), WMKK (Id=WMKK,46.0KM)"
"Selangor, Malaysia",12/28/2011,32,24.9,27.6,,40.5,2.5,,,9.3,189.58,,8.7,89,84.84,"Rain, Overcast","SULTAN ABDUL AZIZ SHAH INTERNATIONAL, MY (Id=48647099999,7.5KM), WMSA (Id=WMSA,7.5KM), KUALA LUMPUR INTERNATIONAL, MY (Id=48650099999,45.0KM), WMKK (Id=WMKK,46.0KM)"
"Selangor, Malaysia",12/29/2011,33.7,25,28.6,,39.2,0,,,11.3,117.71,,8.8,89,76.62,Overcast,"SULTAN ABDUL AZIZ SHAH INTERNATIONAL, MY (Id=48647099999,7.5KM), WMSA (Id=WMSA,7.5KM), KUALA LUMPUR INTERNATIONAL, MY (Id=48650099999,45.0KM), WMKK (Id=WMKK,46.0KM)"
"Selangor, Malaysia",12/30/2011,32.7,25.9,28.2,,40.5,0.5,,,14.5,221.79,,10,88.9,81.54,"Rain, Overcast","SULTAN ABDUL AZIZ SHAH INTERNATIONAL, MY (Id=48647099999,7.5KM), WMSA (Id=WMSA,7.5KM), KUALA LUMPUR INTERNATIONAL, MY (Id=48650099999,45.0KM), WMKK (Id=WMKK,46.0KM)"
"Selangor, Malaysia",12/31/2011,32.9,25,28.8,,42,2.1,,,16.3,246.17,,9.9,89,80.27,"Rain, Overcast","SULTAN ABDUL AZIZ SHAH INTERNATIONAL, MY (Id=48647099999,7.5KM), WMSA (Id=WMSA,7.5KM), KUALA LUMPUR INTERNATIONAL, MY (Id=48650099999,45.0KM), WMKK (Id=WMKK,46.0KM)"
