Name,Date time,Maximum Temperature,Minimum Temperature,Temperature,Wind Chill,Heat Index,Precipitation,Snow,Snow Depth,Wind Speed,Wind Direction,Wind Gust,Visibility,Cloud Cover,Relative Humidity,Conditions,Contributing Stations
"Selangor, Malaysia",01/01/2011,33.9,25.1,27.8,,41.5,19.1,,,20.3,192,,9.8,89.1,82.4,"Rain, Overcast","SULTAN ABDUL AZIZ SHAH INTERNATIONAL, MY (Id=48647099999,7.5KM), WMSA (Id=WMSA,7.5KM), KUALA LUMPUR INTERNATIONAL, MY (Id=48650099999,45.0KM), WMKK (Id=WMKK,46.0KM)"
"Selangor, Malaysia",01/02/2011,32.9,25,28.5,,40.6,0,,,16.4,191.83,29.5,8.9,89.1,81.27,Overcast,"SULTAN ABDUL AZIZ SHAH INTERNATIONAL, MY (Id=48647099999,7.5KM), WMSA (Id=WMSA,7.5KM), KUALA LUMPUR INTERNATIONAL, MY (Id=48650099999,45.0KM), WMKK (Id=WMKK,46.0KM)"
"Selangor, Malaysia",01/03/2011,31,25.1,27.8,,37.7,6.6,,,14.8,198.63,,9.9,89,83.54,"Rain, Overcast","SULTAN ABDUL AZIZ SHAH INTERNATIONAL, MY (Id=48647099999,7.5KM), WMSA (Id=WMSA,7.5KM), KUALA LUMPUR INTERNATIONAL, MY (Id=48650099999,45.0KM), WMKK (Id=WMKK,46.0KM)"
"Selangor, Malaysia",01/04/2011,34,24.9,27.6,,43,27.82,,,13,182.21,44.3,8,89.4,85.7,"Rain, Overcast","SULTAN ABDUL AZIZ SHAH INTERNATIONAL, MY (Id=48647099999,7.5KM), WMSA (Id=WMSA,7.5KM), KUALA LUMPUR INTERNATIONAL, MY (Id=48650099999,45.0KM), WMKK (Id=WMKK,46.0KM)"
"Selangor, Malaysia",01/05/2011,33.7,24.3,27.7,,42,12.9,,,16.4,175.58,,9.7,89.1,84.4,"Rain, Overcast","SULTAN ABDUL AZIZ SHAH INTERNATIONAL, MY (Id=48647099999,7.5KM), WMSA (Id=WMSA,7.5KM), KUALA LUMPUR INTERNATIONAL, MY (Id=48650099999,45.0KM), WMKK (Id=WMKK,46.0KM)"
"Selangor, Malaysia",01/06/2011,28,24,25.8,,32,10.76,,,16.2,154.25,,8.6,91.7,89.68,"Rain, Overcast","SULTAN ABDUL AZIZ SHAH INTERNATIONAL, MY (Id=48647099999,7.5KM), WMSA (Id=WMSA,7.5KM), KUALA LUMPUR INTERNATIONAL, MY (Id=48650099999,45.0KM), WMKK (Id=WMKK,46.0KM)"
"Selangor, Malaysia",01/07/2011,29.9,24.1,26.6,,36.1,0.3,,,16.3,207.54,,9.7,89.9,86.69,"Rain, Overcast","SULTAN ABDUL AZIZ SHAH INTERNATIONAL, MY (Id=48647099999,7.5KM), WMSA (Id=WMSA,7.5KM), KUALA LUMPUR INTERNATIONAL, MY (Id=48650099999,45.0KM), WMKK (Id=WMKK,46.0KM)"
"Selangor, Malaysia",01/08/2011,31.9,25,27.6,,36.8,0,,,7.8,147.38,,8.3,89.6,81.39,Overcast,"SULTAN ABDUL AZIZ SHAH INTERNATIONAL, MY (Id=48647099999,7.5KM), WMSA (Id=WMSA,7.5KM), KUALA LUMPUR INTERNATIONAL, MY (Id=48650099999,45.0KM), WMKK (Id=WMKK,46.0KM)"
"Selangor, Malaysia",01/09/2011,32,23.8,27.4,,36.9,0,,,11.1,252.08,,8.8,89,78.16,Overcast,"SULTAN ABDUL AZIZ SHAH INTERNATIONAL, MY (Id=48647099999,7.5KM), WMSA (Id=WMSA,7.5KM), KUALA LUMPUR INTERNATIONAL, MY (Id=48650099999,45.0KM), WMKK (Id=WMKK,46.0KM)"
"Selangor, Malaysia",01/10/2011,30.7,24.8,26.9,,37.3,3.13,,,12.9,245.54,,8.5,89,87.41,"Rain, Overcast","SULTAN ABDUL AZIZ SHAH INTERNATIONAL, MY (Id=48647099999,7.5KM), WMSA (Id=WMSA,7.5KM), KUALA LUMPUR INTERNATIONAL, MY (Id=48650099999,45.0KM), WMKK (Id=WMKK,46.0KM)"
"Selangor, Malaysia",01/11/2011,31,24,27,,36.6,4.5,,,14.5,170.5,,8.2,89.1,85.83,"Rain, Overcast","SULTAN ABDUL AZIZ SHAH INTERNATIONAL, MY (Id=48647099999,7.5KM), WMSA (Id=WMSA,7.5KM), KUALA LUMPUR INTERNATIONAL, MY (Id=48650099999,45.0KM), WMKK (Id=WMKK,46.0KM)"
"Selangor, Malaysia",01/12/2011,33.9,24.7,28.5,,41.9,0,,,22,229.04,37.1,9.1,89,79.49,Overcast,"SULTAN ABDUL AZIZ SHAH INTERNATIONAL, MY (Id=48647099999,7.5KM), WMSA (Id=WMSA,7.5KM), KUALA LUMPUR INTERNATIONAL, MY (Id=48650099999,45.0KM), WMKK (Id=WMKK,46.0KM)"
"Selangor, Malaysia",01/13/2011,33,25,27.4,,40.5,9.18,,,20.2,151.29,,8.9,89,85.86,"Rain, Overcast","SULTAN ABDUL AZIZ SHAH INTERNATIONAL, MY (Id=48647099999,7.5KM), WMSA (Id=WMSA,7.5KM), KUALA LUMPUR INTERNATIONAL, MY (Id=48650099999,45.0KM), WMKK (Id=WMKK,46.0KM)"
"Selangor, Malaysia",01/14/2011,31.9,24.8,26.6,,39.1,5.1,,,12.8,189.54,,7.7,90.8,87.41,"Rain, Overcast","SULTAN ABDUL AZIZ SHAH INTERNATIONAL, MY (Id=48647099999,7.5KM), WMSA (Id=WMSA,7.5KM), KUALA LUMPUR INTERNATIONAL, MY (Id=48650099999,45.0KM), WMKK (Id=WMKK,46.0KM)"
"Selangor, Malaysia",01/15/2011,32,24.8,27.5,,39.2,2,,,11.1,165.42,,7.9,89,84.19,"Rain, Overcast","SULTAN ABDUL AZIZ SHAH INTERNATIONAL, MY (Id=48647099999,7.5KM), WMSA (Id=WMSA,7.5KM), KUALA LUMPUR INTERNATIONAL, MY (Id=48650099999,45.0KM), WMKK (Id=WMKK,46.0KM)"
"Selangor, Malaysia",01/16/2011,29.8,25,26.6,,34.7,2,,,12.9,171.46,,7.7,89,86.38,"Rain, Overcast","SULTAN ABDUL AZIZ SHAH INTERNATIONAL, MY (Id=48647099999,7.5KM), WMSA (Id=WMSA,7.5KM), KUALA LUMPUR INTERNATIONAL, MY (Id=48650099999,45.0KM), WMKK (Id=WMKK,46.0KM)"
"Selangor, Malaysia",01/17/2011,30.7,23.9,26.9,,35.1,0,,,9.4,199.13,,8.7,89.1,81.01,Overcast,"SULTAN ABDUL AZIZ SHAH INTERNATIONAL, MY (Id=48647099999,7.5KM), WMSA (Id=WMSA,7.5KM), KUALA LUMPUR INTERNATIONAL, MY (Id=48650099999,45.0KM), WMKK (Id=WMKK,46.0KM)"
"Selangor, Malaysia",01/18/2011,32,23.9,27.7,,37.7,0,,,14.6,200,,7.9,89.1,78.59,Overcast,"SULTAN ABDUL AZIZ SHAH INTERNATIONAL, MY (Id=48647099999,7.5KM), WMSA (Id=WMSA,7.5KM), KUALA LUMPUR INTERNATIONAL, MY (Id=48650099999,45.0KM), WMKK (Id=WMKK,46.0KM)"
"Selangor, Malaysia",01/19/2011,33,24,28.2,,38.1,0,,,14.7,188.42,,7.9,89,76.3,Overcast,"SULTAN ABDUL AZIZ SHAH INTERNATIONAL, MY (Id=48647099999,7.5KM), WMSA (Id=WMSA,7.5KM), KUALA LUMPUR INTERNATIONAL, MY (Id=48650099999,45.0KM), WMKK (Id=WMKK,46.0KM)"
"Selangor, Malaysia",01/20/2011,33.9,24,28.6,,39.3,0,,,18.1,183.92,,7.5,89,76.69,Overcast,"SULTAN ABDUL AZIZ SHAH INTERNATIONAL, MY (Id=48647099999,7.5KM), WMSA (Id=WMSA,7.5KM), KUALA LUMPUR INTERNATIONAL, MY (Id=48650099999,45.0KM), WMKK (Id=WMKK,46.0KM)"
"Selangor, Malaysia",01/21/2011,34.9,24.9,29,,38.1,0,,,14.7,188.54,,8.9,89,70.72,Overcast,"SULTAN ABDUL AZIZ SHAH INTERNATIONAL, MY (Id=48647099999,7.5KM), WMSA (Id=WMSA,7.5KM), KUALA LUMPUR INTERNATIONAL, MY (Id=48650099999,45.0KM), WMKK (Id=WMKK,46.0KM)"
"Selangor, Malaysia",01/22/2011,32,24.8,28.3,,38,0,,,16.2,192.04,,9.1,89,75.61,Overcast,"SULTAN ABDUL AZIZ SHAH INTERNATIONAL, MY (Id=48647099999,7.5KM), WMSA (Id=WMSA,7.5KM), KUALA LUMPUR INTERNATIONAL, MY (Id=48650099999,45.0KM), WMKK (Id=WMKK,46.0KM)"
"Selangor, Malaysia",01/23/2011,32.9,25,27.9,,42,18,,,14.6,187.5,,6.7,89.5,83.71,"Rain, Overcast","SULTAN ABDUL AZIZ SHAH INTERNATIONAL, MY (Id=48647099999,7.5KM), WMSA (Id=WMSA,7.5KM), KUALA LUMPUR INTERNATIONAL, MY (Id=48650099999,45.0KM), WMKK (Id=WMKK,46.0KM)"
"Selangor, Malaysia",01/24/2011,33,24.8,27.4,,40.6,4.65,,,25.2,202.29,,6.5,89,86.13,"Rain, Overcast","SULTAN ABDUL AZIZ SHAH INTERNATIONAL, MY (Id=48647099999,7.5KM), WMSA (Id=WMSA,7.5KM), KUALA LUMPUR INTERNATIONAL, MY (Id=48650099999,45.0KM), WMKK (Id=WMKK,46.0KM)"
"Selangor, Malaysia",01/25/2011,31,24,27.1,,36.4,13,,,14.7,156.71,,7.8,89.4,82.96,"Rain, Overcast","SULTAN ABDUL AZIZ SHAH INTERNATIONAL, MY (Id=48647099999,7.5KM), WMSA (Id=WMSA,7.5KM), KUALA LUMPUR INTERNATIONAL, MY (Id=48650099999,45.0KM), WMKK (Id=WMKK,46.0KM)"
"Selangor, Malaysia",01/26/2011,30,25.7,27.5,,35.1,0,,,11.2,143.75,,9.5,89,81.76,Overcast,"SULTAN ABDUL AZIZ SHAH INTERNATIONAL, MY (Id=48647099999,7.5KM), WMSA (Id=WMSA,7.5KM), KUALA LUMPUR INTERNATIONAL, MY (Id=48650099999,45.0KM), WMKK (Id=WMKK,46.0KM)"
"Selangor, Malaysia",01/27/2011,30,25,26.9,,36.1,13.3,,,9.1,218.75,,8.3,89.9,89.12,"Rain, Overcast","SULTAN ABDUL AZIZ SHAH INTERNATIONAL, MY (Id=48647099999,7.5KM), WMSA (Id=WMSA,7.5KM), KUALA LUMPUR INTERNATIONAL, MY (Id=48650099999,45.0KM), WMKK (Id=WMKK,46.0KM)"
"Selangor, Malaysia",01/28/2011,30.9,25,27.9,,36.4,0.5,,,11.5,168.08,,8.9,89,81.09,"Rain, Overcast","SULTAN ABDUL AZIZ SHAH INTERNATIONAL, MY (Id=48647099999,7.5KM), WMSA (Id=WMSA,7.5KM), KUALA LUMPUR INTERNATIONAL, MY (Id=48650099999,45.0KM), WMKK (Id=WMKK,46.0KM)"
"Selangor, Malaysia",01/29/2011,30.9,25,26.8,,37.6,2.03,,,12.6,275.21,,8.7,90,87.5,"Rain, Overcast","SULTAN ABDUL AZIZ SHAH INTERNATIONAL, MY (Id=48647099999,7.5KM), WMSA (Id=WMSA,7.5KM), KUALA LUMPUR INTERNATIONAL, MY (Id=48650099999,45.0KM), WMKK (Id=WMKK,46.0KM)"
"Selangor, Malaysia",01/30/2011,25,24,24.5,,,40.65,,,9.1,222.46,,4.8,93.7,96.76,"Rain, Overcast","SULTAN ABDUL AZIZ SHAH INTERNATIONAL, MY (Id=48647099999,7.5KM), WMSA (Id=WMSA,7.5KM), KUALA LUMPUR INTERNATIONAL, MY (Id=48650099999,45.0KM), WMKK (Id=WMKK,46.0KM)"
"Selangor, Malaysia",01/31/2011,27.9,23.9,25.7,,31.8,2.61,,,9.7,115.25,,7.3,93.1,87.41,"Rain, Overcast","SULTAN ABDUL AZIZ SHAH INTERNATIONAL, MY (Id=48647099999,7.5KM), WMSA (Id=WMSA,7.5KM), KUALA LUMPUR INTERNATIONAL, MY (Id=48650099999,45.0KM), WMKK (Id=WMKK,46.0KM)"
"Selangor, Malaysia",02/01/2011,31.1,22.9,27.2,,36.5,0.5,,,11.1,155.13,,10.4,89.1,79.85,"Rain, Overcast","SULTAN ABDUL AZIZ SHAH INTERNATIONAL, MY (Id=48647099999,7.5KM), WMSA (Id=WMSA,7.5KM), KUALA LUMPUR INTERNATIONAL, MY (Id=48650099999,45.0KM), WMKK (Id=WMKK,46.0KM)"
"Selangor, Malaysia",02/02/2011,33.9,24.2,28.3,,39.9,0,,,13,193.83,,9.7,89,77.09,Overcast,"SULTAN ABDUL AZIZ SHAH INTERNATIONAL, MY (Id=48647099999,7.5KM), WMSA (Id=WMSA,7.5KM), KUALA LUMPUR INTERNATIONAL, MY (Id=48650099999,45.0KM), WMKK (Id=WMKK,46.0KM)"
"Selangor, Malaysia",02/03/2011,32,24.8,27.5,,39.2,8.1,,,14.7,218.63,27.7,10,89,84.95,"Rain, Overcast","SULTAN ABDUL AZIZ SHAH INTERNATIONAL, MY (Id=48647099999,7.5KM), WMSA (Id=WMSA,7.5KM), KUALA LUMPUR INTERNATIONAL, MY (Id=48650099999,45.0KM), WMKK (Id=WMKK,46.0KM)"
"Selangor, Malaysia",02/04/2011,33,24,27.6,,39.2,4.1,,,20,191.21,,10.2,89,83.53,"Rain, Overcast","SULTAN ABDUL AZIZ SHAH INTERNATIONAL, MY (Id=48647099999,7.5KM), WMSA (Id=WMSA,7.5KM), KUALA LUMPUR INTERNATIONAL, MY (Id=48650099999,45.0KM), WMKK (Id=WMKK,46.0KM)"
"Selangor, Malaysia",02/05/2011,33.9,24,27.7,,40.5,9.9,,,14.7,174.92,,7.1,90,83.17,"Rain, Overcast","SULTAN ABDUL AZIZ SHAH INTERNATIONAL, MY (Id=48647099999,7.5KM), WMSA (Id=WMSA,7.5KM), KUALA LUMPUR INTERNATIONAL, MY (Id=48650099999,45.0KM), WMKK (Id=WMKK,46.0KM)"
"Selangor, Malaysia",02/06/2011,33.9,24,28,,41.4,0,,,12.9,125.71,,8.4,89.2,80.98,Overcast,"SULTAN ABDUL AZIZ SHAH INTERNATIONAL, MY (Id=48647099999,7.5KM), WMSA (Id=WMSA,7.5KM), KUALA LUMPUR INTERNATIONAL, MY (Id=48650099999,45.0KM), WMKK (Id=WMKK,46.0KM)"
"Selangor, Malaysia",02/07/2011,33.9,24.9,28.2,,41.9,0,,,18.3,198.25,,9.2,89.2,81.15,Overcast,"SULTAN ABDUL AZIZ SHAH INTERNATIONAL, MY (Id=48647099999,7.5KM), WMSA (Id=WMSA,7.5KM), KUALA LUMPUR INTERNATIONAL, MY (Id=48650099999,45.0KM), WMKK (Id=WMKK,46.0KM)"
"Selangor, Malaysia",02/08/2011,33.8,24,28.5,,42,0,,,18.2,232.29,,8.2,89,80.79,Overcast,"SULTAN ABDUL AZIZ SHAH INTERNATIONAL, MY (Id=48647099999,7.5KM), WMSA (Id=WMSA,7.5KM), KUALA LUMPUR INTERNATIONAL, MY (Id=48650099999,45.0KM), WMKK (Id=WMKK,46.0KM)"
"Selangor, Malaysia",02/09/2011,32.9,25.9,28.9,,42,0,,,18.1,180.96,,6.6,89,82.1,Overcast,"SULTAN ABDUL AZIZ SHAH INTERNATIONAL, MY (Id=48647099999,7.5KM), WMSA (Id=WMSA,7.5KM), KUALA LUMPUR INTERNATIONAL, MY (Id=48650099999,45.0KM), WMKK (Id=WMKK,46.0KM)"
"Selangor, Malaysia",02/10/2011,34,24.9,29.2,,43.4,0,,,16.5,200.5,,7,89,76.98,Overcast,"SULTAN ABDUL AZIZ SHAH INTERNATIONAL, MY (Id=48647099999,7.5KM), WMSA (Id=WMSA,7.5KM), KUALA LUMPUR INTERNATIONAL, MY (Id=48650099999,45.0KM), WMKK (Id=WMKK,46.0KM)"
"Selangor, Malaysia",02/11/2011,34.9,24.9,28.5,,42,7.9,,,18.2,202.25,,5.3,89,81.05,"Rain, Overcast","SULTAN ABDUL AZIZ SHAH INTERNATIONAL, MY (Id=48647099999,7.5KM), WMSA (Id=WMSA,7.5KM), KUALA LUMPUR INTERNATIONAL, MY (Id=48650099999,45.0KM), WMKK (Id=WMKK,46.0KM)"
"Selangor, Malaysia",02/12/2011,33,26,28.5,,42.1,1,,,13,196.17,,6.2,90,81.54,"Rain, Overcast","SULTAN ABDUL AZIZ SHAH INTERNATIONAL, MY (Id=48647099999,7.5KM), WMSA (Id=WMSA,7.5KM), KUALA LUMPUR INTERNATIONAL, MY (Id=48650099999,45.0KM), WMKK (Id=WMKK,46.0KM)"
"Selangor, Malaysia",02/13/2011,34.9,24.9,28.4,,44.9,4.1,,,16.5,170.42,,6.5,91,81.84,"Rain, Overcast","SULTAN ABDUL AZIZ SHAH INTERNATIONAL, MY (Id=48647099999,7.5KM), WMSA (Id=WMSA,7.5KM), KUALA LUMPUR INTERNATIONAL, MY (Id=48650099999,45.0KM), WMKK (Id=WMKK,46.0KM)"
"Selangor, Malaysia",02/14/2011,34,26,29.2,,43.5,1.3,,,18.2,150.13,,7.4,89,80.52,"Rain, Overcast","SULTAN ABDUL AZIZ SHAH INTERNATIONAL, MY (Id=48647099999,7.5KM), WMSA (Id=WMSA,7.5KM), KUALA LUMPUR INTERNATIONAL, MY (Id=48650099999,45.0KM), WMKK (Id=WMKK,46.0KM)"
"Selangor, Malaysia",02/15/2011,33,25.7,28,,40.6,4.1,,,16.2,204.83,,7.5,89,83.7,"Rain, Overcast","SULTAN ABDUL AZIZ SHAH INTERNATIONAL, MY (Id=48647099999,7.5KM), WMSA (Id=WMSA,7.5KM), KUALA LUMPUR INTERNATIONAL, MY (Id=48650099999,45.0KM), WMKK (Id=WMKK,46.0KM)"
"Selangor, Malaysia",02/16/2011,34,24.9,27.8,,41.9,4.1,,,20,192.63,40.7,7.9,89.2,83.07,"Rain, Overcast","SULTAN ABDUL AZIZ SHAH INTERNATIONAL, MY (Id=48647099999,7.5KM), WMSA (Id=WMSA,7.5KM), KUALA LUMPUR INTERNATIONAL, MY (Id=48650099999,45.0KM), WMKK (Id=WMKK,46.0KM)"
"Selangor, Malaysia",02/17/2011,34.9,24.8,28.8,,43.3,9.98,,,16.3,212.25,38.9,9,89,82.3,"Rain, Overcast","SULTAN ABDUL AZIZ SHAH INTERNATIONAL, MY (Id=48647099999,7.5KM), WMSA (Id=WMSA,7.5KM), KUALA LUMPUR INTERNATIONAL, MY (Id=48650099999,45.0KM), WMKK (Id=WMKK,46.0KM)"
"Selangor, Malaysia",02/18/2011,32.9,25,27.9,,40.6,1,,,21.8,177.67,24.1,7.1,89,85.33,"Rain, Overcast","SULTAN ABDUL AZIZ SHAH INTERNATIONAL, MY (Id=48647099999,7.5KM), WMSA (Id=WMSA,7.5KM), KUALA LUMPUR INTERNATIONAL, MY (Id=48650099999,45.0KM), WMKK (Id=WMKK,46.0KM)"
"Selangor, Malaysia",02/19/2011,34.9,24,28.1,,44.8,14,,,18.3,190.5,,8.2,89,81.15,"Rain, Overcast","SULTAN ABDUL AZIZ SHAH INTERNATIONAL, MY (Id=48647099999,7.5KM), WMSA (Id=WMSA,7.5KM), KUALA LUMPUR INTERNATIONAL, MY (Id=48650099999,45.0KM), WMKK (Id=WMKK,46.0KM)"
"Selangor, Malaysia",02/20/2011,32.9,26,28.4,,42,2,,,14.6,179.92,,7.9,89.2,82.93,"Rain, Overcast","SULTAN ABDUL AZIZ SHAH INTERNATIONAL, MY (Id=48647099999,7.5KM), WMSA (Id=WMSA,7.5KM), KUALA LUMPUR INTERNATIONAL, MY (Id=48650099999,45.0KM), WMKK (Id=WMKK,46.0KM)"
"Selangor, Malaysia",02/21/2011,35.9,25.8,29.4,,43.2,0.3,,,23.7,188.29,,9,89,76.75,"Rain, Overcast","SULTAN ABDUL AZIZ SHAH INTERNATIONAL, MY (Id=48647099999,7.5KM), WMSA (Id=WMSA,7.5KM), KUALA LUMPUR INTERNATIONAL, MY (Id=48650099999,45.0KM), WMKK (Id=WMKK,46.0KM)"
"Selangor, Malaysia",02/22/2011,34,25,28.9,,41.8,0,,,18.2,186.58,,9.5,89,76.2,Overcast,"SULTAN ABDUL AZIZ SHAH INTERNATIONAL, MY (Id=48647099999,7.5KM), WMSA (Id=WMSA,7.5KM), KUALA LUMPUR INTERNATIONAL, MY (Id=48650099999,45.0KM), WMKK (Id=WMKK,46.0KM)"
"Selangor, Malaysia",02/23/2011,33.9,25.9,29.3,,40.5,0.3,,,11.1,159.96,25.9,10.1,89.1,76.79,"Rain, Overcast","SULTAN ABDUL AZIZ SHAH INTERNATIONAL, MY (Id=48647099999,7.5KM), WMSA (Id=WMSA,7.5KM), KUALA LUMPUR INTERNATIONAL, MY (Id=48650099999,45.0KM), WMKK (Id=WMKK,46.0KM)"
"Selangor, Malaysia",02/24/2011,33.7,25,27.5,,41.4,0.8,,,27.4,177.04,,8.4,89,85.23,"Rain, Overcast","SULTAN ABDUL AZIZ SHAH INTERNATIONAL, MY (Id=48647099999,7.5KM), WMSA (Id=WMSA,7.5KM), KUALA LUMPUR INTERNATIONAL, MY (Id=48650099999,45.0KM), WMKK (Id=WMKK,46.0KM)"
"Selangor, Malaysia",02/25/2011,33.9,24.7,27.8,,40.6,0,,,14.8,154.58,,9,89,83.36,Overcast,"SULTAN ABDUL AZIZ SHAH INTERNATIONAL, MY (Id=48647099999,7.5KM), WMSA (Id=WMSA,7.5KM), KUALA LUMPUR INTERNATIONAL, MY (Id=48650099999,45.0KM), WMKK (Id=WMKK,46.0KM)"
"Selangor, Malaysia",02/26/2011,34,25,28.3,,40.7,18,,,14.7,151.21,,8.6,89.1,81.82,"Rain, Overcast","SULTAN ABDUL AZIZ SHAH INTERNATIONAL, MY (Id=48647099999,7.5KM), WMSA (Id=WMSA,7.5KM), KUALA LUMPUR INTERNATIONAL, MY (Id=48650099999,45.0KM), WMKK (Id=WMKK,46.0KM)"
"Selangor, Malaysia",02/27/2011,33.9,25,28.4,,41.9,14.79,,,14.6,231.38,,6.6,89,84.16,"Rain, Overcast","SULTAN ABDUL AZIZ SHAH INTERNATIONAL, MY (Id=48647099999,7.5KM), WMSA (Id=WMSA,7.5KM), KUALA LUMPUR INTERNATIONAL, MY (Id=48650099999,45.0KM), WMKK (Id=WMKK,46.0KM)"
"Selangor, Malaysia",02/28/2011,33.9,26.7,29.2,,43.4,25.9,,,16.4,213.75,,7.7,89,79.98,"Rain, Overcast","SULTAN ABDUL AZIZ SHAH INTERNATIONAL, MY (Id=48647099999,7.5KM), WMSA (Id=WMSA,7.5KM), KUALA LUMPUR INTERNATIONAL, MY (Id=48650099999,45.0KM), WMKK (Id=WMKK,46.0KM)"
"Selangor, Malaysia",03/01/2011,33,26,28.7,,40.5,0.5,,,16.5,148.78,,8.4,89,79.61,"Rain, Overcast","SULTAN ABDUL AZIZ SHAH INTERNATIONAL, MY (Id=48647099999,7.5KM), WMSA (Id=WMSA,7.5KM), KUALA LUMPUR INTERNATIONAL, MY (Id=48650099999,45.0KM), WMKK (Id=WMKK,46.0KM)"
"Selangor, Malaysia",03/02/2011,33.9,25,28.5,,41.8,17.71,,,14.6,185.67,35.3,7.9,89,81.21,"Rain, Overcast","SULTAN ABDUL AZIZ SHAH INTERNATIONAL, MY (Id=48647099999,7.5KM), WMSA (Id=WMSA,7.5KM), KUALA LUMPUR INTERNATIONAL, MY (Id=48650099999,45.0KM), WMKK (Id=WMKK,46.0KM)"
"Selangor, Malaysia",03/03/2011,32.1,23.9,27.8,,39.1,29.71,,,18.3,152.21,,9,89,83.28,"Rain, Overcast","SULTAN ABDUL AZIZ SHAH INTERNATIONAL, MY (Id=48647099999,7.5KM), WMSA (Id=WMSA,7.5KM), KUALA LUMPUR INTERNATIONAL, MY (Id=48650099999,45.0KM), WMKK (Id=WMKK,46.0KM)"
"Selangor, Malaysia",03/04/2011,32.9,25,28.3,,40.5,0.5,,,16.3,234.58,,9.1,89.1,81.99,"Rain, Overcast","SULTAN ABDUL AZIZ SHAH INTERNATIONAL, MY (Id=48647099999,7.5KM), WMSA (Id=WMSA,7.5KM), KUALA LUMPUR INTERNATIONAL, MY (Id=48650099999,45.0KM), WMKK (Id=WMKK,46.0KM)"
"Selangor, Malaysia",03/05/2011,33,25.8,28.6,,42.1,0,,,16.6,163.33,,7.6,89,81.34,Overcast,"SULTAN ABDUL AZIZ SHAH INTERNATIONAL, MY (Id=48647099999,7.5KM), WMSA (Id=WMSA,7.5KM), KUALA LUMPUR INTERNATIONAL, MY (Id=48650099999,45.0KM), WMKK (Id=WMKK,46.0KM)"
"Selangor, Malaysia",03/06/2011,33.9,25.8,28.7,,41.8,0,,,14.4,229.5,,8.9,89.1,80.54,Overcast,"SULTAN ABDUL AZIZ SHAH INTERNATIONAL, MY (Id=48647099999,7.5KM), WMSA (Id=WMSA,7.5KM), KUALA LUMPUR INTERNATIONAL, MY (Id=48650099999,45.0KM), WMKK (Id=WMKK,46.0KM)"
"Selangor, Malaysia",03/07/2011,35.8,26,28.7,,46,0.5,,,18.1,211.96,,8.7,89.1,83.57,"Rain, Overcast","SULTAN ABDUL AZIZ SHAH INTERNATIONAL, MY (Id=48647099999,7.5KM), WMSA (Id=WMSA,7.5KM), KUALA LUMPUR INTERNATIONAL, MY (Id=48650099999,45.0KM), WMKK (Id=WMKK,46.0KM)"
"Selangor, Malaysia",03/08/2011,32,23.9,27.7,,39.2,2.73,,,18.2,199.13,,9.7,89.7,83.24,"Rain, Overcast","SULTAN ABDUL AZIZ SHAH INTERNATIONAL, MY (Id=48647099999,7.5KM), WMSA (Id=WMSA,7.5KM), KUALA LUMPUR INTERNATIONAL, MY (Id=48650099999,45.0KM), WMKK (Id=WMKK,46.0KM)"
"Selangor, Malaysia",03/09/2011,33,25,28,,40.5,1.5,,,14.6,158.88,31.3,9.3,89,83.76,"Rain, Overcast","SULTAN ABDUL AZIZ SHAH INTERNATIONAL, MY (Id=48647099999,7.5KM), WMSA (Id=WMSA,7.5KM), KUALA LUMPUR INTERNATIONAL, MY (Id=48650099999,45.0KM), WMKK (Id=WMKK,46.0KM)"
"Selangor, Malaysia",03/10/2011,32.9,26,28.2,,40.6,0,,,14.6,191.13,,9,89.1,83.24,Overcast,"SULTAN ABDUL AZIZ SHAH INTERNATIONAL, MY (Id=48647099999,7.5KM), WMSA (Id=WMSA,7.5KM), KUALA LUMPUR INTERNATIONAL, MY (Id=48650099999,45.0KM), WMKK (Id=WMKK,46.0KM)"
"Selangor, Malaysia",03/11/2011,26.9,24.8,25.8,,30.5,4.93,,,11.1,151.08,,7,95.2,92.47,"Rain, Overcast","SULTAN ABDUL AZIZ SHAH INTERNATIONAL, MY (Id=48647099999,7.5KM), WMSA (Id=WMSA,7.5KM), KUALA LUMPUR INTERNATIONAL, MY (Id=48650099999,45.0KM), WMKK (Id=WMKK,46.0KM)"
"Selangor, Malaysia",03/12/2011,33,23.8,26.7,,39.5,18.93,,,18.2,215.96,38.9,8,89.5,88.31,"Rain, Overcast","SULTAN ABDUL AZIZ SHAH INTERNATIONAL, MY (Id=48647099999,7.5KM), WMSA (Id=WMSA,7.5KM), KUALA LUMPUR INTERNATIONAL, MY (Id=48650099999,45.0KM), WMKK (Id=WMKK,46.0KM)"
"Selangor, Malaysia",03/13/2011,34,24.9,28,,42.1,23.1,,,14.5,148,,7.8,89.5,84.12,"Rain, Overcast","SULTAN ABDUL AZIZ SHAH INTERNATIONAL, MY (Id=48647099999,7.5KM), WMSA (Id=WMSA,7.5KM), KUALA LUMPUR INTERNATIONAL, MY (Id=48650099999,45.0KM), WMKK (Id=WMKK,46.0KM)"
"Selangor, Malaysia",03/14/2011,34.1,25,27.1,,41.9,20.75,,,14.5,187.08,46.4,7.7,89.9,88.32,"Rain, Overcast","SULTAN ABDUL AZIZ SHAH INTERNATIONAL, MY (Id=48647099999,7.5KM), WMSA (Id=WMSA,7.5KM), KUALA LUMPUR INTERNATIONAL, MY (Id=48650099999,45.0KM), WMKK (Id=WMKK,46.0KM)"
"Selangor, Malaysia",03/15/2011,34,25,27.6,,41.9,12.71,,,11,126.54,,6,89.5,86.9,"Rain, Overcast","SULTAN ABDUL AZIZ SHAH INTERNATIONAL, MY (Id=48647099999,7.5KM), WMSA (Id=WMSA,7.5KM), KUALA LUMPUR INTERNATIONAL, MY (Id=48650099999,45.0KM), WMKK (Id=WMKK,46.0KM)"
"Selangor, Malaysia",03/16/2011,33.9,24.1,28.2,,39.5,0,,,14.6,154.5,25.9,8.7,89.6,81.19,Overcast,"SULTAN ABDUL AZIZ SHAH INTERNATIONAL, MY (Id=48647099999,7.5KM), WMSA (Id=WMSA,7.5KM), KUALA LUMPUR INTERNATIONAL, MY (Id=48650099999,45.0KM), WMKK (Id=WMKK,46.0KM)"
"Selangor, Malaysia",03/17/2011,33.8,25.9,28,,41.6,23.1,,,11.1,169.96,,8.7,89.9,85.23,"Rain, Overcast","SULTAN ABDUL AZIZ SHAH INTERNATIONAL, MY (Id=48647099999,7.5KM), WMSA (Id=WMSA,7.5KM), KUALA LUMPUR INTERNATIONAL, MY (Id=48650099999,45.0KM), WMKK (Id=WMKK,46.0KM)"
"Selangor, Malaysia",03/18/2011,33.9,25,27.3,,41.8,13.2,,,20.1,166.42,,7.6,91.6,86.65,"Rain, Overcast","SULTAN ABDUL AZIZ SHAH INTERNATIONAL, MY (Id=48647099999,7.5KM), WMSA (Id=WMSA,7.5KM), KUALA LUMPUR INTERNATIONAL, MY (Id=48650099999,45.0KM), WMKK (Id=WMKK,46.0KM)"
"Selangor, Malaysia",03/19/2011,28,25,26.5,,32.6,1.51,,,18,164.33,,6.6,89.9,90.92,"Rain, Overcast","SULTAN ABDUL AZIZ SHAH INTERNATIONAL, MY (Id=48647099999,7.5KM), WMSA (Id=WMSA,7.5KM), KUALA LUMPUR INTERNATIONAL, MY (Id=48650099999,45.0KM), WMKK (Id=WMKK,46.0KM)"
"Selangor, Malaysia",03/20/2011,31.9,25,26.8,,37.8,51.75,,,18.3,165.92,,7.9,91.7,89.72,"Rain, Overcast","SULTAN ABDUL AZIZ SHAH INTERNATIONAL, MY (Id=48647099999,7.5KM), WMSA (Id=WMSA,7.5KM), KUALA LUMPUR INTERNATIONAL, MY (Id=48650099999,45.0KM), WMKK (Id=WMKK,46.0KM)"
"Selangor, Malaysia",03/21/2011,31.9,24,27.1,,39.1,24.1,,,16.2,260.08,35.3,9.5,89.1,85.96,"Rain, Overcast","SULTAN ABDUL AZIZ SHAH INTERNATIONAL, MY (Id=48647099999,7.5KM), WMSA (Id=WMSA,7.5KM), KUALA LUMPUR INTERNATIONAL, MY (Id=48650099999,45.0KM), WMKK (Id=WMKK,46.0KM)"
"Selangor, Malaysia",03/22/2011,29.7,24.6,25.9,,35.9,20.44,,,16.5,188.92,,7.9,92.1,92.15,"Rain, Overcast","SULTAN ABDUL AZIZ SHAH INTERNATIONAL, MY (Id=48647099999,7.5KM), WMSA (Id=WMSA,7.5KM), KUALA LUMPUR INTERNATIONAL, MY (Id=48650099999,45.0KM), WMKK (Id=WMKK,46.0KM)"
"Selangor, Malaysia",03/23/2011,33,24,27.9,,40.7,0,,,20.5,263.96,,10.1,89,81.17,Overcast,"SULTAN ABDUL AZIZ SHAH INTERNATIONAL, MY (Id=48647099999,7.5KM), WMSA (Id=WMSA,7.5KM), KUALA LUMPUR INTERNATIONAL, MY (Id=48650099999,45.0KM), WMKK (Id=WMKK,46.0KM)"
"Selangor, Malaysia",03/24/2011,33,24,28.4,,40.5,23.62,,,16.5,262.96,38.9,9.5,89.9,80.27,"Rain, Overcast","SULTAN ABDUL AZIZ SHAH INTERNATIONAL, MY (Id=48647099999,7.5KM), WMSA (Id=WMSA,7.5KM), KUALA LUMPUR INTERNATIONAL, MY (Id=48650099999,45.0KM), WMKK (Id=WMKK,46.0KM)"
"Selangor, Malaysia",03/25/2011,33,24.7,28.4,,40.5,40.38,,,14.8,223.08,,9,89.9,80.31,"Rain, Overcast","SULTAN ABDUL AZIZ SHAH INTERNATIONAL, MY (Id=48647099999,7.5KM), WMSA (Id=WMSA,7.5KM), KUALA LUMPUR INTERNATIONAL, MY (Id=48650099999,45.0KM), WMKK (Id=WMKK,46.0KM)"
"Selangor, Malaysia",03/26/2011,34.9,25,29,,41.8,0,,,18.1,257.5,,10.4,89,75.75,Overcast,"SULTAN ABDUL AZIZ SHAH INTERNATIONAL, MY (Id=48647099999,7.5KM), WMSA (Id=WMSA,7.5KM), KUALA LUMPUR INTERNATIONAL, MY (Id=48650099999,45.0KM), WMKK (Id=WMKK,46.0KM)"
"Selangor, Malaysia",03/27/2011,34.9,26,29.9,,40.6,0,,,16.5,251.67,,10,89,73.55,Overcast,"SULTAN ABDUL AZIZ SHAH INTERNATIONAL, MY (Id=48647099999,7.5KM), WMSA (Id=WMSA,7.5KM), KUALA LUMPUR INTERNATIONAL, MY (Id=48650099999,45.0KM), WMKK (Id=WMKK,46.0KM)"
"Selangor, Malaysia",03/28/2011,34,26.8,30,,40.6,0,,,16.6,170.96,,10.8,89,72.78,Overcast,"SULTAN ABDUL AZIZ SHAH INTERNATIONAL, MY (Id=48647099999,7.5KM), WMSA (Id=WMSA,7.5KM), KUALA LUMPUR INTERNATIONAL, MY (Id=48650099999,45.0KM), WMKK (Id=WMKK,46.0KM)"
"Selangor, Malaysia",03/29/2011,33,27.7,30.1,,40.7,0,,,14.6,223.58,,9.5,89.5,71.09,Overcast,"SULTAN ABDUL AZIZ SHAH INTERNATIONAL, MY (Id=48647099999,7.5KM), WMSA (Id=WMSA,7.5KM), KUALA LUMPUR INTERNATIONAL, MY (Id=48650099999,45.0KM), WMKK (Id=WMKK,46.0KM)"
"Selangor, Malaysia",03/30/2011,34.9,24.9,29.6,,40.6,2.87,,,20.3,221.33,,10.6,90.4,71.75,"Rain, Overcast","SULTAN ABDUL AZIZ SHAH INTERNATIONAL, MY (Id=48647099999,7.5KM), WMSA (Id=WMSA,7.5KM), KUALA LUMPUR INTERNATIONAL, MY (Id=48650099999,45.0KM), WMKK (Id=WMKK,46.0KM)"
"Selangor, Malaysia",03/31/2011,33.9,26,29.4,,40.6,0,,,16.5,281.42,,9.8,89.1,74.72,Overcast,"SULTAN ABDUL AZIZ SHAH INTERNATIONAL, MY (Id=48647099999,7.5KM), WMSA (Id=WMSA,7.5KM), KUALA LUMPUR INTERNATIONAL, MY (Id=48650099999,45.0KM), WMKK (Id=WMKK,46.0KM)"
"Selangor, Malaysia",04/01/2011,34.9,26,29.5,,43.2,0,,,16.4,258.71,,10.2,89,77.77,Overcast,"SULTAN ABDUL AZIZ SHAH INTERNATIONAL, MY (Id=48647099999,7.5KM), WMSA (Id=WMSA,7.5KM), KUALA LUMPUR INTERNATIONAL, MY (Id=48650099999,45.0KM), WMKK (Id=WMKK,46.0KM)"
"Selangor, Malaysia",04/02/2011,33.9,26.8,29.8,,42,2.3,,,14.6,239.17,,9.3,89,76.97,"Rain, Overcast","SULTAN ABDUL AZIZ SHAH INTERNATIONAL, MY (Id=48647099999,7.5KM), WMSA (Id=WMSA,7.5KM), KUALA LUMPUR INTERNATIONAL, MY (Id=48650099999,45.0KM), WMKK (Id=WMKK,46.0KM)"
"Selangor, Malaysia",04/03/2011,35.9,26,30.4,,43.4,0,,,18.1,267.13,37.1,9.9,89,74.26,Overcast,"SULTAN ABDUL AZIZ SHAH INTERNATIONAL, MY (Id=48647099999,7.5KM), WMSA (Id=WMSA,7.5KM), KUALA LUMPUR INTERNATIONAL, MY (Id=48650099999,45.0KM), WMKK (Id=WMKK,46.0KM)"
"Selangor, Malaysia",04/04/2011,34.9,25.8,30.1,,44.8,1.73,,,16.6,224.13,,9.3,89,77.99,"Rain, Overcast","SULTAN ABDUL AZIZ SHAH INTERNATIONAL, MY (Id=48647099999,7.5KM), WMSA (Id=WMSA,7.5KM), KUALA LUMPUR INTERNATIONAL, MY (Id=48650099999,45.0KM), WMKK (Id=WMKK,46.0KM)"
"Selangor, Malaysia",04/05/2011,33.9,26.9,29.3,,42.3,2,,,18.2,155.13,,9.1,89.6,79.13,"Rain, Overcast","SULTAN ABDUL AZIZ SHAH INTERNATIONAL, MY (Id=48647099999,7.5KM), WMSA (Id=WMSA,7.5KM), KUALA LUMPUR INTERNATIONAL, MY (Id=48650099999,45.0KM), WMKK (Id=WMKK,46.0KM)"
"Selangor, Malaysia",04/06/2011,32.9,26,28.2,,42,0,,,18.2,184.04,,7.9,89.2,82.52,Overcast,"SULTAN ABDUL AZIZ SHAH INTERNATIONAL, MY (Id=48647099999,7.5KM), WMSA (Id=WMSA,7.5KM), KUALA LUMPUR INTERNATIONAL, MY (Id=48650099999,45.0KM), WMKK (Id=WMKK,46.0KM)"
"Selangor, Malaysia",04/07/2011,33,26,28.5,,40.5,16.91,,,13,207.67,,9.5,89,83.25,"Rain, Overcast","SULTAN ABDUL AZIZ SHAH INTERNATIONAL, MY (Id=48647099999,7.5KM), WMSA (Id=WMSA,7.5KM), KUALA LUMPUR INTERNATIONAL, MY (Id=48650099999,45.0KM), WMKK (Id=WMKK,46.0KM)"
"Selangor, Malaysia",04/08/2011,34.9,25.1,28.3,,42,7.1,,,18.3,193.67,,8.6,90,82.28,"Rain, Overcast","SULTAN ABDUL AZIZ SHAH INTERNATIONAL, MY (Id=48647099999,7.5KM), WMSA (Id=WMSA,7.5KM), KUALA LUMPUR INTERNATIONAL, MY (Id=48650099999,45.0KM), WMKK (Id=WMKK,46.0KM)"
"Selangor, Malaysia",04/09/2011,32.9,25,28.2,,39.1,16,,,18.3,197.38,,7.3,89,81.94,"Rain, Overcast","SULTAN ABDUL AZIZ SHAH INTERNATIONAL, MY (Id=48647099999,7.5KM), WMSA (Id=WMSA,7.5KM), KUALA LUMPUR INTERNATIONAL, MY (Id=48650099999,45.0KM), WMKK (Id=WMKK,46.0KM)"
"Selangor, Malaysia",04/10/2011,30,26,27.4,,36.2,29.3,,,11.1,180.71,,6.9,90.8,88.8,"Rain, Overcast","SULTAN ABDUL AZIZ SHAH INTERNATIONAL, MY (Id=48647099999,7.5KM), WMSA (Id=WMSA,7.5KM), KUALA LUMPUR INTERNATIONAL, MY (Id=48650099999,45.0KM), WMKK (Id=WMKK,46.0KM)"
"Selangor, Malaysia",04/11/2011,32.8,25.2,27.7,,40,0.67,,,14.7,162.58,,8.4,89,85.4,"Rain, Overcast","SULTAN ABDUL AZIZ SHAH INTERNATIONAL, MY (Id=48647099999,7.5KM), WMSA (Id=WMSA,7.5KM), KUALA LUMPUR INTERNATIONAL, MY (Id=48650099999,45.0KM), WMKK (Id=WMKK,46.0KM)"
"Selangor, Malaysia",04/12/2011,34,25,28.7,,42,6.1,,,22.2,179.46,,9.6,90.4,80.53,"Rain, Overcast","SULTAN ABDUL AZIZ SHAH INTERNATIONAL, MY (Id=48647099999,7.5KM), WMSA (Id=WMSA,7.5KM), KUALA LUMPUR INTERNATIONAL, MY (Id=48650099999,45.0KM), WMKK (Id=WMKK,46.0KM)"
"Selangor, Malaysia",04/13/2011,30.7,25.7,27.8,,37.1,14.8,,,13.1,190.58,,7.7,90,84.75,"Rain, Overcast","SULTAN ABDUL AZIZ SHAH INTERNATIONAL, MY (Id=48647099999,7.5KM), WMSA (Id=WMSA,7.5KM), KUALA LUMPUR INTERNATIONAL, MY (Id=48650099999,45.0KM), WMKK (Id=WMKK,46.0KM)"
"Selangor, Malaysia",04/14/2011,33.7,24.9,28.5,,41.2,0,,,16.3,252.42,,8.5,89,81.67,Overcast,"SULTAN ABDUL AZIZ SHAH INTERNATIONAL, MY (Id=48647099999,7.5KM), WMSA (Id=WMSA,7.5KM), KUALA LUMPUR INTERNATIONAL, MY (Id=48650099999,45.0KM), WMKK (Id=WMKK,46.0KM)"
"Selangor, Malaysia",04/15/2011,33.9,25.1,27.9,,43.5,35.1,,,14.8,156.25,,8.2,90.1,86.21,"Rain, Overcast","SULTAN ABDUL AZIZ SHAH INTERNATIONAL, MY (Id=48647099999,7.5KM), WMSA (Id=WMSA,7.5KM), KUALA LUMPUR INTERNATIONAL, MY (Id=48650099999,45.0KM), WMKK (Id=WMKK,46.0KM)"
"Selangor, Malaysia",04/16/2011,30.9,24.9,26.9,,36.4,27.9,,,9.5,157.88,,8,91.3,89.22,"Rain, Overcast","SULTAN ABDUL AZIZ SHAH INTERNATIONAL, MY (Id=48647099999,7.5KM), WMSA (Id=WMSA,7.5KM), KUALA LUMPUR INTERNATIONAL, MY (Id=48650099999,45.0KM), WMKK (Id=WMKK,46.0KM)"
"Selangor, Malaysia",04/17/2011,34,25,29.3,,42.1,5.6,,,12.8,194.48,,8.6,89.5,78.85,"Rain, Overcast","SULTAN ABDUL AZIZ SHAH INTERNATIONAL, MY (Id=48647099999,7.5KM), WMSA (Id=WMSA,7.5KM), KUALA LUMPUR INTERNATIONAL, MY (Id=48650099999,45.0KM), WMKK (Id=WMKK,46.0KM)"
"Selangor, Malaysia",04/18/2011,32.5,25,28.5,,40.8,1.8,,,16.5,226.33,,9.8,89.5,82.15,"Rain, Overcast","SULTAN ABDUL AZIZ SHAH INTERNATIONAL, MY (Id=48647099999,7.5KM), WMSA (Id=WMSA,7.5KM), KUALA LUMPUR INTERNATIONAL, MY (Id=48650099999,45.0KM), WMKK (Id=WMKK,46.0KM)"
"Selangor, Malaysia",04/19/2011,35,26,29.8,,45.2,0.3,,,22.2,263.13,,8.8,89.3,78.95,"Rain, Overcast","SULTAN ABDUL AZIZ SHAH INTERNATIONAL, MY (Id=48647099999,7.5KM), WMSA (Id=WMSA,7.5KM), KUALA LUMPUR INTERNATIONAL, MY (Id=48650099999,45.0KM), WMKK (Id=WMKK,46.0KM)"
"Selangor, Malaysia",04/20/2011,33.9,24.3,27.9,,42,36.27,,,18.4,150.46,,9.3,92.3,85.61,"Rain, Overcast","SULTAN ABDUL AZIZ SHAH INTERNATIONAL, MY (Id=48647099999,7.5KM), WMSA (Id=WMSA,7.5KM), KUALA LUMPUR INTERNATIONAL, MY (Id=48650099999,45.0KM), WMKK (Id=WMKK,46.0KM)"
"Selangor, Malaysia",04/21/2011,34.9,25,28.2,,43.5,30.5,,,23.8,148.5,46.4,8.6,90.1,84.3,"Rain, Overcast","SULTAN ABDUL AZIZ SHAH INTERNATIONAL, MY (Id=48647099999,7.5KM), WMSA (Id=WMSA,7.5KM), KUALA LUMPUR INTERNATIONAL, MY (Id=48650099999,45.0KM), WMKK (Id=WMKK,46.0KM)"
"Selangor, Malaysia",04/22/2011,34,25,28,,45.3,8.9,,,22.1,204,,7.3,89.3,86.64,"Rain, Overcast","SULTAN ABDUL AZIZ SHAH INTERNATIONAL, MY (Id=48647099999,7.5KM), WMSA (Id=WMSA,7.5KM), KUALA LUMPUR INTERNATIONAL, MY (Id=48650099999,45.0KM), WMKK (Id=WMKK,46.0KM)"
"Selangor, Malaysia",04/23/2011,33.9,26,28.5,,42.3,4.1,,,18.3,174.17,,6.7,90.1,84.35,"Rain, Overcast","SULTAN ABDUL AZIZ SHAH INTERNATIONAL, MY (Id=48647099999,7.5KM), WMSA (Id=WMSA,7.5KM), KUALA LUMPUR INTERNATIONAL, MY (Id=48650099999,45.0KM), WMKK (Id=WMKK,46.0KM)"
"Selangor, Malaysia",04/24/2011,34,25,27.8,,43.4,10.9,,,18.3,175.92,,7.8,89.5,86.11,"Rain, Overcast","SULTAN ABDUL AZIZ SHAH INTERNATIONAL, MY (Id=48647099999,7.5KM), WMSA (Id=WMSA,7.5KM), KUALA LUMPUR INTERNATIONAL, MY (Id=48650099999,45.0KM), WMKK (Id=WMKK,46.0KM)"
"Selangor, Malaysia",04/25/2011,32,26,28.1,,42.3,10.63,,,12.8,171.33,,6.8,89,87.27,"Rain, Overcast","SULTAN ABDUL AZIZ SHAH INTERNATIONAL, MY (Id=48647099999,7.5KM), WMSA (Id=WMSA,7.5KM), KUALA LUMPUR INTERNATIONAL, MY (Id=48650099999,45.0KM), WMKK (Id=WMKK,46.0KM)"
"Selangor, Malaysia",04/26/2011,34.9,25.9,28.8,,43.3,13,,,14.5,217.5,,6.7,89.5,82.78,"Rain, Overcast","SULTAN ABDUL AZIZ SHAH INTERNATIONAL, MY (Id=48647099999,7.5KM), WMSA (Id=WMSA,7.5KM), KUALA LUMPUR INTERNATIONAL, MY (Id=48650099999,45.0KM), WMKK (Id=WMKK,46.0KM)"
"Selangor, Malaysia",04/27/2011,33.9,25.9,28.4,,43.4,20.6,,,16.5,178.57,29.5,7.8,90.2,85,"Rain, Overcast","SULTAN ABDUL AZIZ SHAH INTERNATIONAL, MY (Id=48647099999,7.5KM), WMSA (Id=WMSA,7.5KM), KUALA LUMPUR INTERNATIONAL, MY (Id=48650099999,45.0KM), WMKK (Id=WMKK,46.0KM)"
"Selangor, Malaysia",04/28/2011,33.9,26,28.5,,43.7,7.25,,,20.3,174.04,,7.5,89,84.54,"Rain, Overcast","SULTAN ABDUL AZIZ SHAH INTERNATIONAL, MY (Id=48647099999,7.5KM), WMSA (Id=WMSA,7.5KM), KUALA LUMPUR INTERNATIONAL, MY (Id=48650099999,45.0KM), WMKK (Id=WMKK,46.0KM)"
"Selangor, Malaysia",04/29/2011,31,24.9,27.4,,39.1,26.9,,,18.3,245.38,,7.6,91.8,87.21,"Rain, Overcast","SULTAN ABDUL AZIZ SHAH INTERNATIONAL, MY (Id=48647099999,7.5KM), WMSA (Id=WMSA,7.5KM), KUALA LUMPUR INTERNATIONAL, MY (Id=48650099999,45.0KM), WMKK (Id=WMKK,46.0KM)"
"Selangor, Malaysia",04/30/2011,32.9,26,28.8,,40.5,1.5,,,12.9,237.88,,9.4,89,82.05,"Rain, Overcast","SULTAN ABDUL AZIZ SHAH INTERNATIONAL, MY (Id=48647099999,7.5KM), WMSA (Id=WMSA,7.5KM), KUALA LUMPUR INTERNATIONAL, MY (Id=48650099999,45.0KM), WMKK (Id=WMKK,46.0KM)"
"Selangor, Malaysia",05/01/2011,32.9,25.9,28.5,,42,2.61,,,16.4,203.17,,7.9,91.2,83.74,"Rain, Overcast","SULTAN ABDUL AZIZ SHAH INTERNATIONAL, MY (Id=48647099999,7.5KM), WMSA (Id=WMSA,7.5KM), KUALA LUMPUR INTERNATIONAL, MY (Id=48650099999,45.0KM), WMKK (Id=WMKK,46.0KM)"
"Selangor, Malaysia",05/02/2011,34.9,25,28.4,,45.2,5,,,20.4,155.46,,8.2,92.2,83.74,"Rain, Overcast","SULTAN ABDUL AZIZ SHAH INTERNATIONAL, MY (Id=48647099999,7.5KM), WMSA (Id=WMSA,7.5KM), KUALA LUMPUR INTERNATIONAL, MY (Id=48650099999,45.0KM), WMKK (Id=WMKK,46.0KM)"
"Selangor, Malaysia",05/03/2011,33.9,25.1,28,,45,4.1,,,22.3,177.04,,9.9,90.8,86.06,"Rain, Overcast","SULTAN ABDUL AZIZ SHAH INTERNATIONAL, MY (Id=48647099999,7.5KM), WMSA (Id=WMSA,7.5KM), KUALA LUMPUR INTERNATIONAL, MY (Id=48650099999,45.0KM), WMKK (Id=WMKK,46.0KM)"
"Selangor, Malaysia",05/04/2011,33.7,25,28.4,,42,0.5,,,22.2,198.17,,9.9,90.4,81.86,"Rain, Overcast","SULTAN ABDUL AZIZ SHAH INTERNATIONAL, MY (Id=48647099999,7.5KM), WMSA (Id=WMSA,7.5KM), KUALA LUMPUR INTERNATIONAL, MY (Id=48650099999,45.0KM), WMKK (Id=WMKK,46.0KM)"
"Selangor, Malaysia",05/05/2011,36,25,30,,44.6,3,,,20.4,304.83,,9.7,89,75.91,"Rain, Overcast","SULTAN ABDUL AZIZ SHAH INTERNATIONAL, MY (Id=48647099999,7.5KM), WMSA (Id=WMSA,7.5KM), KUALA LUMPUR INTERNATIONAL, MY (Id=48650099999,45.0KM), WMKK (Id=WMKK,46.0KM)"
"Selangor, Malaysia",05/06/2011,36,26,30.7,,44.7,0,,,16.7,224.29,,9.7,89,74.57,Overcast,"SULTAN ABDUL AZIZ SHAH INTERNATIONAL, MY (Id=48647099999,7.5KM), WMSA (Id=WMSA,7.5KM), KUALA LUMPUR INTERNATIONAL, MY (Id=48650099999,45.0KM), WMKK (Id=WMKK,46.0KM)"
"Selangor, Malaysia",05/07/2011,35.9,27,30.9,,42,0,,,16.4,230.08,,8.8,89,72.74,Overcast,"SULTAN ABDUL AZIZ SHAH INTERNATIONAL, MY (Id=48647099999,7.5KM), WMSA (Id=WMSA,7.5KM), KUALA LUMPUR INTERNATIONAL, MY (Id=48650099999,45.0KM), WMKK (Id=WMKK,46.0KM)"
"Selangor, Malaysia",05/08/2011,35.9,26.1,30.9,,44.3,0,,,14.7,159.75,31.3,10,89,70.14,Overcast,"SULTAN ABDUL AZIZ SHAH INTERNATIONAL, MY (Id=48647099999,7.5KM), WMSA (Id=WMSA,7.5KM), KUALA LUMPUR INTERNATIONAL, MY (Id=48650099999,45.0KM), WMKK (Id=WMKK,46.0KM)"
"Selangor, Malaysia",05/09/2011,35.1,27.8,31.1,,43.5,0,,,11.2,206.96,,10.1,89,70.5,Overcast,"SULTAN ABDUL AZIZ SHAH INTERNATIONAL, MY (Id=48647099999,7.5KM), WMSA (Id=WMSA,7.5KM), KUALA LUMPUR INTERNATIONAL, MY (Id=48650099999,45.0KM), WMKK (Id=WMKK,46.0KM)"
"Selangor, Malaysia",05/10/2011,35.8,27.9,30.7,,45.9,0,,,14.6,211.58,,8.9,89,75.56,Overcast,"SULTAN ABDUL AZIZ SHAH INTERNATIONAL, MY (Id=48647099999,7.5KM), WMSA (Id=WMSA,7.5KM), KUALA LUMPUR INTERNATIONAL, MY (Id=48650099999,45.0KM), WMKK (Id=WMKK,46.0KM)"
"Selangor, Malaysia",05/11/2011,32.1,26.9,29.5,,40.6,0,,,9.4,210.17,,6.2,89,78.28,Overcast,"SULTAN ABDUL AZIZ SHAH INTERNATIONAL, MY (Id=48647099999,7.5KM), WMSA (Id=WMSA,7.5KM), KUALA LUMPUR INTERNATIONAL, MY (Id=48650099999,45.0KM), WMKK (Id=WMKK,46.0KM)"
"Selangor, Malaysia",05/12/2011,33.6,25.1,28,,43.1,32.16,,,12.8,189.29,,6.3,90.4,86.48,"Rain, Overcast","SULTAN ABDUL AZIZ SHAH INTERNATIONAL, MY (Id=48647099999,7.5KM), WMSA (Id=WMSA,7.5KM), KUALA LUMPUR INTERNATIONAL, MY (Id=48650099999,45.0KM), WMKK (Id=WMKK,46.0KM)"
"Selangor, Malaysia",05/13/2011,34.9,25,29.3,,44.9,0,,,18.3,193.21,,9.3,89,79.73,Overcast,"SULTAN ABDUL AZIZ SHAH INTERNATIONAL, MY (Id=48647099999,7.5KM), WMSA (Id=WMSA,7.5KM), KUALA LUMPUR INTERNATIONAL, MY (Id=48650099999,45.0KM), WMKK (Id=WMKK,46.0KM)"
"Selangor, Malaysia",05/14/2011,33.9,26,29.3,,43.5,0,,,16.4,236.46,,9.6,89.1,82.15,Overcast,"SULTAN ABDUL AZIZ SHAH INTERNATIONAL, MY (Id=48647099999,7.5KM), WMSA (Id=WMSA,7.5KM), KUALA LUMPUR INTERNATIONAL, MY (Id=48650099999,45.0KM), WMKK (Id=WMKK,46.0KM)"
"Selangor, Malaysia",05/15/2011,34.7,24,27.8,,43.4,53.1,,,16.4,168.13,,7.2,90.8,86.27,"Rain, Overcast","SULTAN ABDUL AZIZ SHAH INTERNATIONAL, MY (Id=48647099999,7.5KM), WMSA (Id=WMSA,7.5KM), KUALA LUMPUR INTERNATIONAL, MY (Id=48650099999,45.0KM), WMKK (Id=WMKK,46.0KM)"
"Selangor, Malaysia",05/16/2011,33.7,25,28.2,,42.9,3,,,23.9,211.42,,6.8,90.4,85.04,"Rain, Overcast","SULTAN ABDUL AZIZ SHAH INTERNATIONAL, MY (Id=48647099999,7.5KM), WMSA (Id=WMSA,7.5KM), KUALA LUMPUR INTERNATIONAL, MY (Id=48650099999,45.0KM), WMKK (Id=WMKK,46.0KM)"
"Selangor, Malaysia",05/17/2011,34.9,25,27.9,,43.5,28.9,,,20.3,180.58,,8.6,89.1,85,"Rain, Overcast","SULTAN ABDUL AZIZ SHAH INTERNATIONAL, MY (Id=48647099999,7.5KM), WMSA (Id=WMSA,7.5KM), KUALA LUMPUR INTERNATIONAL, MY (Id=48650099999,45.0KM), WMKK (Id=WMKK,46.0KM)"
"Selangor, Malaysia",05/18/2011,31.9,25,27.8,,42.2,24.39,,,14.5,202.67,,6.9,89.2,86.73,"Rain, Overcast","SULTAN ABDUL AZIZ SHAH INTERNATIONAL, MY (Id=48647099999,7.5KM), WMSA (Id=WMSA,7.5KM), KUALA LUMPUR INTERNATIONAL, MY (Id=48650099999,45.0KM), WMKK (Id=WMKK,46.0KM)"
"Selangor, Malaysia",05/19/2011,33.9,25,28.1,,42.1,8.8,,,16.6,219.04,,7.9,90.3,85.06,"Rain, Overcast","SULTAN ABDUL AZIZ SHAH INTERNATIONAL, MY (Id=48647099999,7.5KM), WMSA (Id=WMSA,7.5KM), KUALA LUMPUR INTERNATIONAL, MY (Id=48650099999,45.0KM), WMKK (Id=WMKK,46.0KM)"
"Selangor, Malaysia",05/20/2011,32.9,25.7,28.1,,40.6,11.6,,,20.2,215.25,,8.7,89.5,85.25,"Rain, Overcast","SULTAN ABDUL AZIZ SHAH INTERNATIONAL, MY (Id=48647099999,7.5KM), WMSA (Id=WMSA,7.5KM), KUALA LUMPUR INTERNATIONAL, MY (Id=48650099999,45.0KM), WMKK (Id=WMKK,46.0KM)"
"Selangor, Malaysia",05/21/2011,32.9,25.8,28.1,,40.6,4,,,16.5,182.75,,8.9,90.8,84.27,"Rain, Overcast","SULTAN ABDUL AZIZ SHAH INTERNATIONAL, MY (Id=48647099999,7.5KM), WMSA (Id=WMSA,7.5KM), KUALA LUMPUR INTERNATIONAL, MY (Id=48650099999,45.0KM), WMKK (Id=WMKK,46.0KM)"
"Selangor, Malaysia",05/22/2011,34,25,28.8,,43.5,1,,,14.8,203.04,,8.4,89,83.03,"Rain, Overcast","SULTAN ABDUL AZIZ SHAH INTERNATIONAL, MY (Id=48647099999,7.5KM), WMSA (Id=WMSA,7.5KM), KUALA LUMPUR INTERNATIONAL, MY (Id=48650099999,45.0KM), WMKK (Id=WMKK,46.0KM)"
"Selangor, Malaysia",05/23/2011,33,25.8,29,,42.1,1,,,16.4,242.46,,9.2,89,83.18,"Rain, Overcast","SULTAN ABDUL AZIZ SHAH INTERNATIONAL, MY (Id=48647099999,7.5KM), WMSA (Id=WMSA,7.5KM), KUALA LUMPUR INTERNATIONAL, MY (Id=48650099999,45.0KM), WMKK (Id=WMKK,46.0KM)"
"Selangor, Malaysia",05/24/2011,33.8,26,29.4,,42.1,0.3,,,18.3,234.29,,9.7,89.1,81.94,"Rain, Overcast","SULTAN ABDUL AZIZ SHAH INTERNATIONAL, MY (Id=48647099999,7.5KM), WMSA (Id=WMSA,7.5KM), KUALA LUMPUR INTERNATIONAL, MY (Id=48650099999,45.0KM), WMKK (Id=WMKK,46.0KM)"
"Selangor, Malaysia",05/25/2011,34.8,26,30.1,,43.1,5.6,,,14.6,232.79,,10,89,76.41,"Rain, Overcast","SULTAN ABDUL AZIZ SHAH INTERNATIONAL, MY (Id=48647099999,7.5KM), WMSA (Id=WMSA,7.5KM), KUALA LUMPUR INTERNATIONAL, MY (Id=48650099999,45.0KM), WMKK (Id=WMKK,46.0KM)"
"Selangor, Malaysia",05/26/2011,33,26.9,29.9,,43.5,0.5,,,18.2,270.92,,10.4,89,80.91,"Rain, Overcast","SULTAN ABDUL AZIZ SHAH INTERNATIONAL, MY (Id=48647099999,7.5KM), WMSA (Id=WMSA,7.5KM), KUALA LUMPUR INTERNATIONAL, MY (Id=48650099999,45.0KM), WMKK (Id=WMKK,46.0KM)"
"Selangor, Malaysia",05/27/2011,32,26.1,28.7,,40.8,5,,,13,271.33,,9.3,90.8,85.68,"Rain, Overcast","SULTAN ABDUL AZIZ SHAH INTERNATIONAL, MY (Id=48647099999,7.5KM), WMSA (Id=WMSA,7.5KM), KUALA LUMPUR INTERNATIONAL, MY (Id=48650099999,45.0KM), WMKK (Id=WMKK,46.0KM)"
"Selangor, Malaysia",05/28/2011,32.8,26,28.2,,40.4,9.1,,,9.3,211.17,,9.9,89.3,86.69,"Rain, Overcast","SULTAN ABDUL AZIZ SHAH INTERNATIONAL, MY (Id=48647099999,7.5KM), WMSA (Id=WMSA,7.5KM), KUALA LUMPUR INTERNATIONAL, MY (Id=48650099999,45.0KM), WMKK (Id=WMKK,46.0KM)"
"Selangor, Malaysia",05/29/2011,34,25,29.6,,40.5,0,,,16.4,184.29,,8.3,89.1,76.23,Overcast,"SULTAN ABDUL AZIZ SHAH INTERNATIONAL, MY (Id=48647099999,7.5KM), WMSA (Id=WMSA,7.5KM), KUALA LUMPUR INTERNATIONAL, MY (Id=48650099999,45.0KM), WMKK (Id=WMKK,46.0KM)"
"Selangor, Malaysia",05/30/2011,34,26,30.2,,41.9,0,,,14.8,197.13,,9.7,89.1,73.95,Overcast,"SULTAN ABDUL AZIZ SHAH INTERNATIONAL, MY (Id=48647099999,7.5KM), WMSA (Id=WMSA,7.5KM), KUALA LUMPUR INTERNATIONAL, MY (Id=48650099999,45.0KM), WMKK (Id=WMKK,46.0KM)"
"Selangor, Malaysia",05/31/2011,31.9,24.9,28.9,,40.5,16.28,,,20.1,168.88,,9.4,89,82.35,"Rain, Overcast","SULTAN ABDUL AZIZ SHAH INTERNATIONAL, MY (Id=48647099999,7.5KM), WMSA (Id=WMSA,7.5KM), KUALA LUMPUR INTERNATIONAL, MY (Id=48650099999,45.0KM), WMKK (Id=WMKK,46.0KM)"
"Selangor, Malaysia",06/01/2011,29,26.1,27.8,,35.5,0,,,16.4,182.79,,9,87.3,84.27,Overcast,"SULTAN ABDUL AZIZ SHAH INTERNATIONAL, MY (Id=48647099999,7.5KM), WMSA (Id=WMSA,7.5KM), KUALA LUMPUR INTERNATIONAL, MY (Id=48650099999,45.0KM), WMKK (Id=WMKK,46.0KM)"
"Selangor, Malaysia",06/02/2011,34.9,24.9,29.5,,43.4,1.5,,,14.7,220.5,,10,89,76.87,"Rain, Overcast","SULTAN ABDUL AZIZ SHAH INTERNATIONAL, MY (Id=48647099999,7.5KM), WMSA (Id=WMSA,7.5KM), KUALA LUMPUR INTERNATIONAL, MY (Id=48650099999,45.0KM), WMKK (Id=WMKK,46.0KM)"
"Selangor, Malaysia",06/03/2011,35.9,26,30.1,,45.2,0,,,16.5,204.46,,7.8,89,78.9,Overcast,"SULTAN ABDUL AZIZ SHAH INTERNATIONAL, MY (Id=48647099999,7.5KM), WMSA (Id=WMSA,7.5KM), KUALA LUMPUR INTERNATIONAL, MY (Id=48650099999,45.0KM), WMKK (Id=WMKK,46.0KM)"
"Selangor, Malaysia",06/04/2011,35.9,26,30.7,,43.2,0,,,20.6,273.92,,9.6,89,73.24,Overcast,"SULTAN ABDUL AZIZ SHAH INTERNATIONAL, MY (Id=48647099999,7.5KM), WMSA (Id=WMSA,7.5KM), KUALA LUMPUR INTERNATIONAL, MY (Id=48650099999,45.0KM), WMKK (Id=WMKK,46.0KM)"
"Selangor, Malaysia",06/05/2011,32.9,26,29.3,,42,4.9,,,12.9,263.63,,9.9,89,80.81,"Rain, Overcast","SULTAN ABDUL AZIZ SHAH INTERNATIONAL, MY (Id=48647099999,7.5KM), WMSA (Id=WMSA,7.5KM), KUALA LUMPUR INTERNATIONAL, MY (Id=48650099999,45.0KM), WMKK (Id=WMKK,46.0KM)"
"Selangor, Malaysia",06/06/2011,33.1,24,28.6,,43.4,35.3,,,16.3,168.96,,9.4,89,81.52,"Rain, Overcast","SULTAN ABDUL AZIZ SHAH INTERNATIONAL, MY (Id=48647099999,7.5KM), WMSA (Id=WMSA,7.5KM), KUALA LUMPUR INTERNATIONAL, MY (Id=48650099999,45.0KM), WMKK (Id=WMKK,46.0KM)"
"Selangor, Malaysia",06/07/2011,34.1,26.9,29.8,,45.2,0,,,16.4,189.21,,9.7,89,79.6,Overcast,"SULTAN ABDUL AZIZ SHAH INTERNATIONAL, MY (Id=48647099999,7.5KM), WMSA (Id=WMSA,7.5KM), KUALA LUMPUR INTERNATIONAL, MY (Id=48650099999,45.0KM), WMKK (Id=WMKK,46.0KM)"
"Selangor, Malaysia",06/08/2011,34,26.8,29.2,,47.3,1.3,,,22.1,208.17,,7.3,89.1,85.16,"Rain, Overcast","SULTAN ABDUL AZIZ SHAH INTERNATIONAL, MY (Id=48647099999,7.5KM), WMSA (Id=WMSA,7.5KM), KUALA LUMPUR INTERNATIONAL, MY (Id=48650099999,45.0KM), WMKK (Id=WMKK,46.0KM)"
"Selangor, Malaysia",06/09/2011,33,26,29.1,,42.1,1.97,,,16.5,188.88,,8.2,89,83.93,"Rain, Overcast","SULTAN ABDUL AZIZ SHAH INTERNATIONAL, MY (Id=48647099999,7.5KM), WMSA (Id=WMSA,7.5KM), KUALA LUMPUR INTERNATIONAL, MY (Id=48650099999,45.0KM), WMKK (Id=WMKK,46.0KM)"
"Selangor, Malaysia",06/10/2011,31,25.2,28.2,,40.6,0,,,29.1,154.83,55.4,6.1,91.2,89.83,Overcast,"SULTAN ABDUL AZIZ SHAH INTERNATIONAL, MY (Id=48647099999,7.5KM), WMSA (Id=WMSA,7.5KM), KUALA LUMPUR INTERNATIONAL, MY (Id=48650099999,45.0KM), WMKK (Id=WMKK,46.0KM)"
"Selangor, Malaysia",06/11/2011,34.1,26,29.7,,45.2,36.6,,,11.2,225.38,,7.9,89.5,81.8,"Rain, Overcast","SULTAN ABDUL AZIZ SHAH INTERNATIONAL, MY (Id=48647099999,7.5KM), WMSA (Id=WMSA,7.5KM), KUALA LUMPUR INTERNATIONAL, MY (Id=48650099999,45.0KM), WMKK (Id=WMKK,46.0KM)"
"Selangor, Malaysia",06/12/2011,33,26.9,29.1,,42.1,0,,,16.5,195.67,,7.2,90.3,83.91,Overcast,"SULTAN ABDUL AZIZ SHAH INTERNATIONAL, MY (Id=48647099999,7.5KM), WMSA (Id=WMSA,7.5KM), KUALA LUMPUR INTERNATIONAL, MY (Id=48650099999,45.0KM), WMKK (Id=WMKK,46.0KM)"
"Selangor, Malaysia",06/13/2011,33.1,26.8,29.5,,43.8,0,,,11.3,193.75,,6.9,89,82.17,Overcast,"SULTAN ABDUL AZIZ SHAH INTERNATIONAL, MY (Id=48647099999,7.5KM), WMSA (Id=WMSA,7.5KM), KUALA LUMPUR INTERNATIONAL, MY (Id=48650099999,45.0KM), WMKK (Id=WMKK,46.0KM)"
"Selangor, Malaysia",06/14/2011,33.9,26.7,29.4,,45.1,3.1,,,11.1,126.96,,7.8,89,83,"Rain, Overcast","SULTAN ABDUL AZIZ SHAH INTERNATIONAL, MY (Id=48647099999,7.5KM), WMSA (Id=WMSA,7.5KM), KUALA LUMPUR INTERNATIONAL, MY (Id=48650099999,45.0KM), WMKK (Id=WMKK,46.0KM)"
"Selangor, Malaysia",06/15/2011,33.9,27,30,,45.2,0,,,18.3,170.17,,7.7,89,79.69,Overcast,"SULTAN ABDUL AZIZ SHAH INTERNATIONAL, MY (Id=48647099999,7.5KM), WMSA (Id=WMSA,7.5KM), KUALA LUMPUR INTERNATIONAL, MY (Id=48650099999,45.0KM), WMKK (Id=WMKK,46.0KM)"
"Selangor, Malaysia",06/16/2011,34.9,25.9,30,,44.9,0,,,12.9,230.17,,8.4,89,77.38,Overcast,"SULTAN ABDUL AZIZ SHAH INTERNATIONAL, MY (Id=48647099999,7.5KM), WMSA (Id=WMSA,7.5KM), KUALA LUMPUR INTERNATIONAL, MY (Id=48650099999,45.0KM), WMKK (Id=WMKK,46.0KM)"
"Selangor, Malaysia",06/17/2011,33,26.9,30,,42.4,0,,,14.8,178.92,,8.1,89,79.2,Overcast,"SULTAN ABDUL AZIZ SHAH INTERNATIONAL, MY (Id=48647099999,7.5KM), WMSA (Id=WMSA,7.5KM), KUALA LUMPUR INTERNATIONAL, MY (Id=48650099999,45.0KM), WMKK (Id=WMKK,46.0KM)"
"Selangor, Malaysia",06/18/2011,32.1,26.8,29.4,,39.6,1.5,,,16.7,175.5,,10.2,89,78.09,"Rain, Overcast","SULTAN ABDUL AZIZ SHAH INTERNATIONAL, MY (Id=48647099999,7.5KM), WMSA (Id=WMSA,7.5KM), KUALA LUMPUR INTERNATIONAL, MY (Id=48650099999,45.0KM), WMKK (Id=WMKK,46.0KM)"
"Selangor, Malaysia",06/19/2011,32.9,26,29.2,,43.8,0.5,,,14.8,158.71,,9.9,89,81.89,"Rain, Overcast","SULTAN ABDUL AZIZ SHAH INTERNATIONAL, MY (Id=48647099999,7.5KM), WMSA (Id=WMSA,7.5KM), KUALA LUMPUR INTERNATIONAL, MY (Id=48650099999,45.0KM), WMKK (Id=WMKK,46.0KM)"
"Selangor, Malaysia",06/20/2011,34,25,29.6,,43.5,0.5,,,14.8,163.25,,9.2,89,77.11,"Rain, Overcast","SULTAN ABDUL AZIZ SHAH INTERNATIONAL, MY (Id=48647099999,7.5KM), WMSA (Id=WMSA,7.5KM), KUALA LUMPUR INTERNATIONAL, MY (Id=48650099999,45.0KM), WMKK (Id=WMKK,46.0KM)"
"Selangor, Malaysia",06/21/2011,34.1,25.9,29.7,,43.5,0,,,16.5,180.42,,9.3,89,78.82,Overcast,"SULTAN ABDUL AZIZ SHAH INTERNATIONAL, MY (Id=48647099999,7.5KM), WMSA (Id=WMSA,7.5KM), KUALA LUMPUR INTERNATIONAL, MY (Id=48650099999,45.0KM), WMKK (Id=WMKK,46.0KM)"
"Selangor, Malaysia",06/22/2011,30.9,25.9,27.7,,39,3,,,16.4,203.67,,9.1,89,86.78,"Rain, Overcast","SULTAN ABDUL AZIZ SHAH INTERNATIONAL, MY (Id=48647099999,7.5KM), WMSA (Id=WMSA,7.5KM), KUALA LUMPUR INTERNATIONAL, MY (Id=48650099999,45.0KM), WMKK (Id=WMKK,46.0KM)"
"Selangor, Malaysia",06/23/2011,33.9,24.9,28.9,,43.5,0.5,,,12.9,164.08,,8,89,81.48,"Rain, Overcast","SULTAN ABDUL AZIZ SHAH INTERNATIONAL, MY (Id=48647099999,7.5KM), WMSA (Id=WMSA,7.5KM), KUALA LUMPUR INTERNATIONAL, MY (Id=48650099999,45.0KM), WMKK (Id=WMKK,46.0KM)"
"Selangor, Malaysia",06/24/2011,34,26,29.8,,43.7,0.3,,,14.8,153.29,,7.9,89,79.66,"Rain, Overcast","SULTAN ABDUL AZIZ SHAH INTERNATIONAL, MY (Id=48647099999,7.5KM), WMSA (Id=WMSA,7.5KM), KUALA LUMPUR INTERNATIONAL, MY (Id=48650099999,45.0KM), WMKK (Id=WMKK,46.0KM)"
"Selangor, Malaysia",06/25/2011,33.9,26.1,29.9,,43.4,2.3,,,20.3,174.33,,9.3,89,77.75,"Rain, Overcast","SULTAN ABDUL AZIZ SHAH INTERNATIONAL, MY (Id=48647099999,7.5KM), WMSA (Id=WMSA,7.5KM), KUALA LUMPUR INTERNATIONAL, MY (Id=48650099999,45.0KM), WMKK (Id=WMKK,46.0KM)"
"Selangor, Malaysia",06/26/2011,33.8,25,28.3,,43.3,3.96,,,18.4,149.83,,9.1,89.5,85.84,"Rain, Overcast","SULTAN ABDUL AZIZ SHAH INTERNATIONAL, MY (Id=48647099999,7.5KM), WMSA (Id=WMSA,7.5KM), KUALA LUMPUR INTERNATIONAL, MY (Id=48650099999,45.0KM), WMKK (Id=WMKK,46.0KM)"
"Selangor, Malaysia",06/27/2011,32.9,24.9,28.3,,40.6,24.97,,,13.1,173.88,,8.4,91.7,83.16,"Rain, Overcast","SULTAN ABDUL AZIZ SHAH INTERNATIONAL, MY (Id=48647099999,7.5KM), WMSA (Id=WMSA,7.5KM), KUALA LUMPUR INTERNATIONAL, MY (Id=48650099999,45.0KM), WMKK (Id=WMKK,46.0KM)"
"Selangor, Malaysia",06/28/2011,33.9,26,29.7,,43.4,4.1,,,14.8,144.54,,9.8,89,78.04,"Rain, Overcast","SULTAN ABDUL AZIZ SHAH INTERNATIONAL, MY (Id=48647099999,7.5KM), WMSA (Id=WMSA,7.5KM), KUALA LUMPUR INTERNATIONAL, MY (Id=48650099999,45.0KM), WMKK (Id=WMKK,46.0KM)"
"Selangor, Malaysia",06/29/2011,31.9,24,28,,39,13.81,,,14.9,138.67,,8.5,89.5,82.73,"Rain, Overcast","SULTAN ABDUL AZIZ SHAH INTERNATIONAL, MY (Id=48647099999,7.5KM), WMSA (Id=WMSA,7.5KM), KUALA LUMPUR INTERNATIONAL, MY (Id=48650099999,45.0KM), WMKK (Id=WMKK,46.0KM)"
"Selangor, Malaysia",06/30/2011,32.9,24.8,28.7,,40.5,2.21,,,16.4,156.46,,9.2,89,78.52,"Rain, Overcast","SULTAN ABDUL AZIZ SHAH INTERNATIONAL, MY (Id=48647099999,7.5KM), WMSA (Id=WMSA,7.5KM), KUALA LUMPUR INTERNATIONAL, MY (Id=48650099999,45.0KM), WMKK (Id=WMKK,46.0KM)"
