Name,Date time,Maximum Temperature,Minimum Temperature,Temperature,Wind Chill,Heat Index,Precipitation,Snow,Snow Depth,Wind Speed,Wind Direction,Wind Gust,Visibility,Cloud Cover,Relative Humidity,Conditions
"Selangor, Malaysia",07/01/2017,32,26,28.4,,36.8,0,,,20.2,116.42,,9.6,58,76.67,Partially cloudy
"Selangor, Malaysia",07/02/2017,32.9,24.9,28.5,,37.7,0,,,23.8,148.41,,8.7,56.5,74.29,Partially cloudy
"Selangor, Malaysia",07/03/2017,32,24,27.9,,37.6,2,,,16.4,139.55,,9.3,61.1,78.22,"Rain, Partially cloudy"
"Selangor, Malaysia",07/04/2017,32,25.9,28.3,,35.8,2,,,16.4,118.33,,9.4,59.2,74.81,"Rain, Partially cloudy"
"Selangor, Malaysia",07/05/2017,33,25,28.7,,38.1,0,,,22,117.48,,9.9,60.8,71.82,Partially cloudy
"Selangor, Malaysia",07/06/2017,32,26,28.6,,35.8,0,,,18.2,114.78,,10.6,60.6,71.55,Partially cloudy
"Selangor, Malaysia",07/07/2017,31,24.1,26.8,,35.5,41,,,11,137.86,,9.1,57.9,81.48,"Rain, Partially cloudy"
"Selangor, Malaysia",07/08/2017,33,24.9,28.4,,37,0.6,,,11.2,130.96,,9.6,60,71.41,"Rain, Partially cloudy"
"Selangor, Malaysia",07/09/2017,31,25,27.8,,35.5,3,,,20.3,158.17,,9.3,59.2,76.8,"Rain, Partially cloudy"
"Selangor, Malaysia",07/10/2017,32,25.9,27.5,,37.9,0,,,25.5,177.82,,7.5,57.8,81.07,Partially cloudy
"Selangor, Malaysia",07/11/2017,31,24,27,,35.5,5.2,,,16.4,210.95,,8.3,64.1,81.88,"Rain, Partially cloudy"
"Selangor, Malaysia",07/12/2017,31,24.9,27.6,,35.1,0.4,,,14.7,119.77,,9.8,60.6,76.16,"Rain, Partially cloudy"
"Selangor, Malaysia",07/13/2017,32,22.9,27.9,,36.8,1,,,23.9,106.96,,9.7,60,74.12,"Rain, Partially cloudy"
"Selangor, Malaysia",07/14/2017,33,23,27.6,,36.8,19.82,,,12.8,109.59,,10.7,58.3,74.22,"Rain, Partially cloudy"
"Selangor, Malaysia",07/15/2017,31,22,26.4,,35.4,39.34,,,22,122.9,,9.4,58.4,78.62,"Rain, Partially cloudy"
"Selangor, Malaysia",07/16/2017,33,25,28.4,,37,0,,,16.4,92.13,,10.5,58.7,70.38,Partially cloudy
"Selangor, Malaysia",07/17/2017,33,25.8,29,,37,0,,,18.3,109.58,,9.8,59.7,68.86,Partially cloudy
"Selangor, Malaysia",07/18/2017,33,25,28.9,,37.3,0,,,18.4,106.65,,9.7,57.8,70.09,Partially cloudy
"Selangor, Malaysia",07/19/2017,32,25.9,28.8,,38.6,0,,,14.8,114.33,,8.8,60.8,74.53,Partially cloudy
"Selangor, Malaysia",07/20/2017,31.9,26.7,28.8,,35.7,9.6,,,14.7,121.68,,8.5,57.8,71.6,"Rain, Partially cloudy"
"Selangor, Malaysia",07/21/2017,33.9,25,29.3,,39.3,0,,,16.5,105.04,,9.6,57.8,70.96,Partially cloudy
"Selangor, Malaysia",07/22/2017,33,26,29.6,,38,0,,,18.3,107.42,,9.9,57.7,68.36,Partially cloudy
"Selangor, Malaysia",07/23/2017,33.7,25,29.2,,38.3,0,,,12.8,113.67,,8.7,60.3,69.75,Partially cloudy
"Selangor, Malaysia",07/24/2017,32,25.9,27.6,,37.9,13.2,,,13.1,82.67,,8.1,57.9,81.84,"Rain, Partially cloudy"
"Selangor, Malaysia",07/25/2017,31.9,25,28,,37.9,28,,,14.5,114.83,,6.7,60,80.56,"Rain, Partially cloudy"
"Selangor, Malaysia",07/26/2017,32.9,25,28.9,,36.8,0,,,20.3,103.83,,8.4,58.7,71.78,Partially cloudy
"Selangor, Malaysia",07/27/2017,33.1,26,29.8,,38.1,0,,,18.4,114.17,,9.5,57.6,69.89,Partially cloudy
"Selangor, Malaysia",07/28/2017,32.9,26.9,29.6,,37.8,0,,,18.2,121.17,,9.8,60.8,69.25,Partially cloudy
"Selangor, Malaysia",07/29/2017,33,26,30,,37.9,0,,,18.2,139.77,33.5,10.4,59.9,66.52,Partially cloudy
"Selangor, Malaysia",07/30/2017,32.9,26.7,28.4,,38,2.55,,,9.5,123.13,,8.9,58.7,76.9,"Rain, Partially cloudy"
"Selangor, Malaysia",07/31/2017,33.9,24,28.6,,37.8,0,,,20.4,119.74,40.7,9.2,58.5,74.16,Partially cloudy
"Selangor, Malaysia",08/01/2017,33,25,28.9,,39.2,0.4,,,14.5,178.21,,9.5,59.8,74.4,"Rain, Partially cloudy"
"Selangor, Malaysia",08/02/2017,31,25,28,,36.5,5,,,20.2,135.22,,8.9,59,77.82,"Rain, Partially cloudy"
"Selangor, Malaysia",08/03/2017,29,25,26.9,,33.5,7,,,18.3,129.65,,9,59.3,82.24,"Rain, Partially cloudy"
"Selangor, Malaysia",08/04/2017,31.7,25.9,28.4,,35.6,0,,,20.4,118.7,,9.5,59.3,74.29,Partially cloudy
"Selangor, Malaysia",08/05/2017,32.9,25,29.3,,37,21,,,16.6,124.13,,10.4,58.8,68.27,"Rain, Partially cloudy"
"Selangor, Malaysia",08/06/2017,33,24,29,,37,0,,,18.2,145.17,,10.4,60.3,69.8,Partially cloudy
"Selangor, Malaysia",08/07/2017,33.9,26.9,29.9,,38.7,0,,,16.5,105.82,,10,59.3,68.32,Partially cloudy
"Selangor, Malaysia",08/08/2017,28.9,24.9,26.6,,33.3,24.97,,,14.5,96.21,,8.8,54.7,83.11,"Rain, Partially cloudy"
"Selangor, Malaysia",08/09/2017,30.9,24.1,26.8,,35.4,35,,,16.4,173,,9,61.4,79.39,"Rain, Partially cloudy"
"Selangor, Malaysia",08/10/2017,32,25,26.8,,36.8,1.4,,,16.4,101.57,,5.8,58.8,86.12,"Rain, Partially cloudy"
"Selangor, Malaysia",08/11/2017,28.1,23.1,25.7,,31.5,28.44,,,14.5,249.4,,7.5,60.9,88.42,"Rain, Partially cloudy"
"Selangor, Malaysia",08/12/2017,31.2,24,27,,36.5,0,,,18.3,271.65,,9.1,58.6,80.35,Partially cloudy
"Selangor, Malaysia",08/13/2017,31,24.9,27.5,,36.5,0,,,14.6,247.83,,10.1,61.5,78.8,Partially cloudy
"Selangor, Malaysia",08/14/2017,31,25,26.8,,36.5,40,,,10.9,100.7,,8.5,58.2,84.96,"Rain, Partially cloudy"
"Selangor, Malaysia",08/15/2017,29.9,23.8,26.4,,34,6.15,,,10.9,155.18,,9.5,58.7,83.86,"Rain, Partially cloudy"
"Selangor, Malaysia",08/16/2017,32.9,23.8,27.7,,36.1,0,,,14.5,115.91,,9.4,54.6,76.92,Partially cloudy
"Selangor, Malaysia",08/17/2017,32,25.8,28.1,,36.8,1.38,,,14.6,143.76,,9.5,57.8,77.21,"Rain, Partially cloudy"
"Selangor, Malaysia",08/18/2017,32,24.1,27.2,,37.9,58,,,18.1,104.14,,8.7,58.8,81.14,"Rain, Partially cloudy"
"Selangor, Malaysia",08/19/2017,33.9,25,27.5,,40.5,5,,,20.4,104.96,42.5,8.7,60.5,81.16,"Rain, Partially cloudy"
"Selangor, Malaysia",08/20/2017,33,25,29,,38,0.2,,,13,112.22,,9.2,59.4,73.71,"Rain, Partially cloudy"
"Selangor, Malaysia",08/21/2017,32.8,25,28.3,,38.9,0,,,18.3,107.96,,10,58.3,75.42,Partially cloudy
"Selangor, Malaysia",08/22/2017,33.8,25.9,28.9,,38,0,,,18.2,103.7,,9.7,57.8,71.35,Partially cloudy
"Selangor, Malaysia",08/23/2017,33,26,29.2,,36.8,0,,,20.4,122.42,,10.3,60.8,67.71,Partially cloudy
"Selangor, Malaysia",08/24/2017,32.1,25.9,28.9,,37.8,16,,,18.3,109.43,,9.8,59.8,70.71,"Rain, Partially cloudy"
"Selangor, Malaysia",08/25/2017,32.9,26,29.2,,39.2,0,,,16.4,84.88,,10.3,59.3,71.63,Partially cloudy
"Selangor, Malaysia",08/26/2017,30,22.8,27.1,,34.1,4.53,,,16.3,85.48,,9.1,58.9,77,"Rain, Partially cloudy"
"Selangor, Malaysia",08/27/2017,31,23.7,27.3,,35.5,16,,,23.8,151.75,,10.1,58.8,74.97,"Rain, Partially cloudy"
"Selangor, Malaysia",08/28/2017,32,25.1,28.2,,35.8,0,,,21.7,137.54,,10.5,58.8,72.53,Partially cloudy
"Selangor, Malaysia",08/29/2017,33,24.7,27.8,,37.1,4.2,,,12.9,159.09,,9.6,60.4,74.26,"Rain, Partially cloudy"
"Selangor, Malaysia",08/30/2017,32,24.9,28,,37.9,5,,,14.7,126.91,,9.9,59.5,77.06,"Rain, Partially cloudy"
"Selangor, Malaysia",08/31/2017,33.7,25.8,28.6,,39.2,0,,,16.3,69.91,37.1,8.7,58.7,76.17,Partially cloudy
"Selangor, Malaysia",09/01/2017,32,25.1,27,,37.9,20.6,,,12.9,112.82,,9.2,60.3,83.63,"Rain, Partially cloudy"
"Selangor, Malaysia",09/02/2017,33.9,24.9,27.2,,41.9,7.4,,,20.3,111.9,,8.2,58,84.31,"Rain, Partially cloudy"
"Selangor, Malaysia",09/03/2017,28.1,23.1,26,,32.7,143.2,,,16.5,143.64,,7.7,59.4,87,"Rain, Partially cloudy"
"Selangor, Malaysia",09/04/2017,31,25,27.5,,36.6,0.4,,,12.9,149,,8,61,80.9,"Rain, Partially cloudy"
"Selangor, Malaysia",09/05/2017,31,24.2,26.8,,35.9,28.26,,,18,125.29,,8,59.2,84.56,"Rain, Partially cloudy"
"Selangor, Malaysia",09/06/2017,32.7,24,28,,37.7,2.36,,,18.1,109.29,,8.1,59.8,77.75,"Rain, Partially cloudy"
"Selangor, Malaysia",09/07/2017,33,24.9,27.8,,38,3.26,,,18.4,79.13,,9.2,60.8,80.38,"Rain, Partially cloudy"
"Selangor, Malaysia",09/08/2017,33,25,27.4,,38.1,20.7,,,18.3,120.09,,9,58.9,82.5,"Rain, Partially cloudy"
"Selangor, Malaysia",09/09/2017,32.1,25,27.1,,36.9,14.68,,,13,94.54,,9.8,58.6,83.31,"Rain, Partially cloudy"
"Selangor, Malaysia",09/10/2017,32,24.9,27.8,,36.8,1,,,11.2,96.72,,9.7,57.8,77.42,"Rain, Partially cloudy"
"Selangor, Malaysia",09/11/2017,32.1,24,26.8,,35.8,8.4,,,16.6,73.86,,9.7,59,79.77,"Rain, Partially cloudy"
"Selangor, Malaysia",09/12/2017,33.1,24,28.2,,37.1,0,,,9.4,94.96,,9.6,58.2,71.61,Partially cloudy
"Selangor, Malaysia",09/13/2017,32,26,27.9,,37.9,0.81,,,18.2,150.91,,7.9,59,80.42,"Rain, Partially cloudy"
"Selangor, Malaysia",09/14/2017,32,25,27.7,,37.6,1.98,,,16.2,169.71,,9.2,59.2,78.84,"Rain, Partially cloudy"
"Selangor, Malaysia",09/15/2017,30.1,24,26.6,,35.1,15,,,18.1,245.76,,9.1,60.9,81.95,"Rain, Partially cloudy"
"Selangor, Malaysia",09/16/2017,32,23.9,27.6,,36.7,8.2,,,18.2,141.04,,9.7,59.6,73.88,"Rain, Partially cloudy"
"Selangor, Malaysia",09/17/2017,34,25,27.8,,40.6,15,,,16.6,53.58,,9.6,60,77.25,"Rain, Partially cloudy"
"Selangor, Malaysia",09/18/2017,31,24.2,26.5,,36.8,39.15,,,13.1,61.65,,8,58.4,86.51,"Rain, Partially cloudy"
"Selangor, Malaysia",09/19/2017,31,24,26.1,,36.4,26.08,,,25.6,112.74,,8,56.6,85.58,"Rain, Partially cloudy"
"Selangor, Malaysia",09/20/2017,31.9,24.1,26.4,,37.8,1.1,,,23.8,130.5,,9.3,60.6,83.73,"Rain, Partially cloudy"
"Selangor, Malaysia",09/21/2017,31,24,27,,35.4,26,,,18.2,231.52,,9.2,57.9,77.88,"Rain, Partially cloudy"
"Selangor, Malaysia",09/22/2017,33,24,28.6,,37.2,0,,,16.4,155.71,,10,59.8,70.47,Partially cloudy
"Selangor, Malaysia",09/23/2017,30,25,27.6,,34.2,0.8,,,14.5,111.05,,8.9,60.3,77.5,"Rain, Partially cloudy"
"Selangor, Malaysia",09/24/2017,33,25,28.7,,37,0,,,11.3,89.18,,8.6,59.2,71.61,Partially cloudy
"Selangor, Malaysia",09/25/2017,32.9,26,28.6,,39.2,1,,,14.6,93.17,,9.9,58.9,75.17,"Rain, Partially cloudy"
"Selangor, Malaysia",09/26/2017,32,25.8,28.2,,35.8,0,,,12.9,158.7,37.1,9.7,60,76.14,Partially cloudy
"Selangor, Malaysia",09/27/2017,33,25,28.3,,38.1,0.2,,,13,265.91,,9.9,59.4,73.63,"Rain, Partially cloudy"
"Selangor, Malaysia",09/28/2017,33.9,26,28.6,,40.2,2.15,,,18,144.91,,9.7,58.9,76.38,"Rain, Partially cloudy"
"Selangor, Malaysia",09/29/2017,28.1,25,26.5,,32.1,14.08,,,18,188,,9.8,57.9,85.75,"Rain, Partially cloudy"
"Selangor, Malaysia",09/30/2017,32.1,24.9,27.2,,36,7,,,18.3,281.73,,10,57.8,80.78,"Rain, Partially cloudy"
"Selangor, Malaysia",10/01/2017,31,25,27.7,,36.4,0,,,12.8,154.87,,10.1,57.7,80.14,Partially cloudy
"Selangor, Malaysia",10/02/2017,30.1,23,26,,34.2,4.37,,,12.9,223.9,,9.8,58.6,81.53,"Rain, Partially cloudy"
"Selangor, Malaysia",10/03/2017,33.1,24,28.5,,37.1,0,,,14.6,252.04,,10.7,59.6,72.66,Partially cloudy
"Selangor, Malaysia",10/04/2017,29,24,26.8,,32.7,6.26,,,16.5,131.95,,9.9,60.2,81.58,"Rain, Partially cloudy"
"Selangor, Malaysia",10/05/2017,33,24,27.1,,37.1,32,,,12.9,69.74,,9.7,58.5,79.67,"Rain, Partially cloudy"
"Selangor, Malaysia",10/06/2017,33.1,24.9,27.2,,39.3,2,,,16.5,80.7,,7.9,57.8,83.87,"Rain, Partially cloudy"
"Selangor, Malaysia",10/07/2017,31.9,24.2,26.9,,36.7,4.98,,,20.3,237.59,,6.8,59.4,83,"Rain, Partially cloudy"
"Selangor, Malaysia",10/08/2017,31,24,27.6,,36.7,0,,,20.3,197.19,,9.8,58.8,78.32,Partially cloudy
"Selangor, Malaysia",10/09/2017,32,25,28,,37.7,1.8,,,14.7,263.86,,9.5,57.7,78.56,"Rain, Partially cloudy"
"Selangor, Malaysia",10/10/2017,31.9,24,27.6,,37.4,4.2,,,14.6,161.14,,9.3,59.5,81.26,"Rain, Partially cloudy"
"Selangor, Malaysia",10/11/2017,33,24.9,28.6,,38.1,0,,,14.6,184.86,,9.6,59.6,76.82,Partially cloudy
"Selangor, Malaysia",10/12/2017,31.1,25.8,28,,37.7,5.17,,,18.2,171.17,,9.8,59.6,79.97,"Rain, Partially cloudy"
"Selangor, Malaysia",10/13/2017,27,24.2,25.2,,30.2,10.44,,,9.4,68.96,,8.3,59.9,89.05,"Rain, Partially cloudy"
"Selangor, Malaysia",10/14/2017,33.9,23,27.7,,37.4,0,,,12.9,180.65,,9,59.3,74.59,Partially cloudy
"Selangor, Malaysia",10/15/2017,34,26,29.1,,39.4,0,,,14.6,229.95,,10.1,58.4,74.03,Partially cloudy
"Selangor, Malaysia",10/16/2017,33.9,25,29.1,,38.2,0,,,14.5,165.58,,9.4,59.8,72.52,Partially cloudy
"Selangor, Malaysia",10/17/2017,35,25,29.2,,39.5,0,,,12.9,78.52,,10.2,59.2,66.28,Partially cloudy
"Selangor, Malaysia",10/18/2017,34.9,24.9,29.1,,40.6,0,,,16.4,96.27,,9.3,58.7,67.08,Partially cloudy
"Selangor, Malaysia",10/19/2017,35,25.9,29.6,,39.6,0,,,18.3,247.8,,8.3,59.1,70.23,Partially cloudy
"Selangor, Malaysia",10/20/2017,34.9,27,30.1,,42,0,,,16.3,197.25,,8.8,60.5,71.95,Partially cloudy
"Selangor, Malaysia",10/21/2017,34.1,27,30.2,,39.4,0,,,22.2,250.83,,9.6,59.1,70.15,Partially cloudy
"Selangor, Malaysia",10/22/2017,35,26,30.1,,40.7,0,,,18.4,306.42,,9.9,58.8,68.88,Partially cloudy
"Selangor, Malaysia",10/23/2017,35,26,30.1,,40.6,0,,,20.4,294.08,,10,58.8,68.01,Partially cloudy
"Selangor, Malaysia",10/24/2017,31.9,26.9,28.8,,37.8,12,,,13,219.59,,10.8,57.7,74.9,"Rain, Partially cloudy"
"Selangor, Malaysia",10/25/2017,32,25,28.4,,37.9,2.6,,,14.5,144.95,,9.7,59.3,77.22,"Rain, Partially cloudy"
"Selangor, Malaysia",10/26/2017,32,25.9,28.2,,36.8,0.22,,,12.8,98.68,,9.8,57.7,79.06,"Rain, Partially cloudy"
"Selangor, Malaysia",10/27/2017,28.1,24.1,26,,32.2,7.66,,,16.3,99,,8.1,58.2,87.89,"Rain, Partially cloudy"
"Selangor, Malaysia",10/28/2017,33.7,24,28.2,,39,0,,,18.3,223.96,,8.8,59.3,76.09,Partially cloudy
"Selangor, Malaysia",10/29/2017,32,26,27.9,,38,5,,,14.7,97.14,,9.9,58.6,78.25,"Rain, Partially cloudy"
"Selangor, Malaysia",10/30/2017,31.9,23.1,26.3,,36.8,64.28,,,20.2,110.52,,8.3,59.7,85.14,"Rain, Partially cloudy"
"Selangor, Malaysia",10/31/2017,31.9,24,27.1,,36.8,0.8,,,7.6,148.58,,9.8,58.6,81.61,"Rain, Partially cloudy"
"Selangor, Malaysia",11/01/2017,32,25,27.8,,38,0.4,,,14.7,223.9,,8.6,59.4,79.03,"Rain, Partially cloudy"
"Selangor, Malaysia",11/02/2017,31,25,27.7,,36.2,1.2,,,14.7,162.87,,9,58.1,79.66,"Rain, Partially cloudy"
"Selangor, Malaysia",11/03/2017,28,25.2,26.5,,31.9,1.16,,,11.1,190.91,,7.6,61.6,85.66,"Rain, Partially cloudy"
"Selangor, Malaysia",11/04/2017,30,24,26.3,,35.1,17.22,,,16.3,164.65,,9.2,59.5,84.55,"Rain, Partially cloudy"
"Selangor, Malaysia",11/05/2017,28.8,25,26.5,,32.6,4.5,,,11.1,212.41,,8.3,60.8,86.27,"Rain, Partially cloudy"
"Selangor, Malaysia",11/06/2017,31.1,24.9,27.9,,36.5,0.4,,,11.2,119.83,,9.6,61.2,79.42,"Rain, Partially cloudy"
"Selangor, Malaysia",11/07/2017,31,22.9,26.9,,36.5,21,,,12.8,191,31.7,8.6,58.6,81.4,"Rain, Partially cloudy"
"Selangor, Malaysia",11/08/2017,29,25,26.7,,33.6,0.95,,,13,204.26,,8.2,60,86.12,"Rain, Partially cloudy"
"Selangor, Malaysia",11/09/2017,31.9,25,27.3,,37.9,9.95,,,22,233.04,,8,58.4,82.23,"Rain, Partially cloudy"
"Selangor, Malaysia",11/10/2017,31.9,24,26.7,,37.9,4.22,,,20.3,138.63,,9,59.8,85.47,"Rain, Partially cloudy"
"Selangor, Malaysia",11/11/2017,31,24,27,,36.5,5,,,20.3,182.82,,9.8,57.8,81.82,"Rain, Partially cloudy"
"Selangor, Malaysia",11/12/2017,31.9,25,27.2,,36.7,10,,,16.5,158.32,,10.1,58.7,78.65,"Rain, Partially cloudy"
"Selangor, Malaysia",11/13/2017,33,24.8,28.4,,39.2,0,,,18.3,176.75,,9.9,59.8,75,Partially cloudy
"Selangor, Malaysia",11/14/2017,28,24.9,26.5,,32,0.48,,,14.7,219.48,,9.6,60.3,83.54,"Rain, Partially cloudy"
"Selangor, Malaysia",11/15/2017,33,24,27.2,,38.1,2.94,,,18.3,92.95,37.1,9.3,58.5,82.16,"Rain, Partially cloudy"
"Selangor, Malaysia",11/16/2017,33.1,24.9,27.1,,39.3,15.6,,,20.2,148.96,,9.1,58.5,81.78,"Rain, Partially cloudy"
"Selangor, Malaysia",11/17/2017,30.9,25,27.6,,36.5,4.15,,,14.7,181.1,,8.1,59.6,83.71,"Rain, Partially cloudy"
"Selangor, Malaysia",11/18/2017,33,24.9,27.3,,37.9,13.79,,,16.4,82.1,,8.6,63.4,83.65,"Rain, Partially cloudy"
"Selangor, Malaysia",11/19/2017,32,24.9,27.8,,36.8,0,,,16.4,211.19,,7.6,58.2,81.32,Partially cloudy
"Selangor, Malaysia",11/20/2017,34,25,28.8,,39.4,0,,,16.5,265.18,,9.7,57.8,75.79,Partially cloudy
"Selangor, Malaysia",11/21/2017,32.9,24.9,27.7,,38.1,13.68,,,16.2,120.29,,8.9,59,80.19,"Rain, Partially cloudy"
"Selangor, Malaysia",11/22/2017,33,24.8,27.3,,39.3,13.92,,,11.3,187,,8.2,59.3,81.71,"Rain, Partially cloudy"
"Selangor, Malaysia",11/23/2017,30.9,24,26.2,,38.8,55.63,,,16.5,141.77,,8,59,87.21,"Rain, Partially cloudy"
"Selangor, Malaysia",11/24/2017,32,24,26.3,,40.2,14.74,,,11.1,120.74,,9.1,59.3,88.36,"Rain, Partially cloudy"
"Selangor, Malaysia",11/25/2017,31.8,24,26.4,,38.9,16.46,,,14.5,123.67,,8.3,59.4,88.47,"Rain, Partially cloudy"
"Selangor, Malaysia",11/26/2017,30,24,26.2,,36.8,6.43,,,14.8,148.5,,8.1,55.2,90.42,"Rain, Partially cloudy"
"Selangor, Malaysia",11/27/2017,30.1,24.8,26.3,,36.4,42.89,,,7.5,155.91,,8.1,59.4,89.87,"Rain, Partially cloudy"
"Selangor, Malaysia",11/28/2017,30,24.2,26.3,,36.2,21,,,18.4,293.14,,8.6,59.8,88.78,"Rain, Partially cloudy"
"Selangor, Malaysia",11/29/2017,29,24,25.8,,34.5,7.56,,,18.5,278,,9.5,58.4,88.71,"Rain, Partially cloudy"
"Selangor, Malaysia",11/30/2017,29.8,23.8,25.9,,35.9,2.8,,,20.4,308.25,,9.8,59.5,87.74,"Rain, Partially cloudy"
"Selangor, Malaysia",12/01/2017,33,24,27.7,,39.3,0.4,,,12.9,100.48,,9.3,58.3,80.34,"Rain, Partially cloudy"
"Selangor, Malaysia",12/02/2017,33.8,25,28.9,,42.2,0,,,13,132.7,,10.2,62.5,76.77,Partially cloudy
"Selangor, Malaysia",12/03/2017,33,26,29.1,,42,0,,,14.6,177.83,,9.9,59.2,79.23,Partially cloudy
"Selangor, Malaysia",12/04/2017,32.1,25.2,28.4,,40.3,6,,,16.2,78.09,,10.1,61.8,81.72,"Rain, Partially cloudy"
"Selangor, Malaysia",12/05/2017,34,25,29.4,,40.7,0,,,14.7,113.61,,10,60.3,74.1,Partially cloudy
"Selangor, Malaysia",12/06/2017,34,27,30.1,,41.9,0,,,18.1,145.55,,10.1,59.7,72.12,Partially cloudy
"Selangor, Malaysia",12/07/2017,33.9,24.8,28.9,,43.4,2,,,16.4,147.54,,9.8,59.7,77.69,"Rain, Partially cloudy"
"Selangor, Malaysia",12/08/2017,32,24,27.3,,39.2,8.84,,,12.9,226.3,,9.8,58.4,83.11,"Rain, Partially cloudy"
"Selangor, Malaysia",12/09/2017,32,25.9,27.6,,39,18,,,14.6,84.55,,8.9,59.3,84.33,"Rain, Partially cloudy"
"Selangor, Malaysia",12/10/2017,30.1,25,27.1,,36.3,18.2,,,18.1,134.65,,7.7,58.2,85.46,"Rain, Partially cloudy"
"Selangor, Malaysia",12/11/2017,30.9,25,27.1,,37.6,0,,,16.4,105.09,,9.7,59.2,85.59,Partially cloudy
"Selangor, Malaysia",12/12/2017,32,24,27.4,,38.9,15,,,14.5,120.04,,8.8,57.7,83.68,"Rain, Partially cloudy"
"Selangor, Malaysia",12/13/2017,32.9,25,28.4,,42,0.2,,,14.6,158.48,,8.8,59.7,80.99,"Rain, Partially cloudy"
"Selangor, Malaysia",12/14/2017,32.9,25.8,28.5,,39.2,9.4,,,16.4,180,,8.6,60.3,78.63,"Rain, Partially cloudy"
"Selangor, Malaysia",12/15/2017,34,25,28.7,,40.6,0,,,20.3,173.1,,8.6,58,77.61,Partially cloudy
"Selangor, Malaysia",12/16/2017,31.9,25,27.4,,37.7,0.2,,,14.7,118.92,,9.2,57.8,80.01,"Rain, Partially cloudy"
"Selangor, Malaysia",12/17/2017,33,24,27.7,,35.9,0.4,,,11.1,74.95,,9.3,57.8,76.22,"Rain, Partially cloudy"
"Selangor, Malaysia",12/18/2017,33.7,24.1,28,,38.9,4,,,11.4,86.14,,9.5,59.5,74.03,"Rain, Partially cloudy"
"Selangor, Malaysia",12/19/2017,32,24,27.8,,36.3,0.4,,,12.8,105.05,,10.1,60.3,72.66,"Rain, Partially cloudy"
"Selangor, Malaysia",12/20/2017,29.9,24.2,26.7,,35.4,0.8,,,11,91.91,,9.5,58.6,82.37,"Rain, Partially cloudy"
"Selangor, Malaysia",12/21/2017,31.9,25,27.5,,40.5,0,,,18.1,116.19,29.5,8.4,58.8,83.43,Partially cloudy
"Selangor, Malaysia",12/22/2017,33,24,27.6,,39.2,6,,,22.2,210.23,,9.1,59,78.94,"Rain, Partially cloudy"
"Selangor, Malaysia",12/23/2017,30,24.8,26.7,,34.2,0.3,,,14.7,271.65,,9.8,58.5,81.61,"Rain, Partially cloudy"
"Selangor, Malaysia",12/24/2017,31.7,24.1,27,,36.5,0.6,,,14.5,162.05,,9.4,58.8,81.64,"Rain, Partially cloudy"
"Selangor, Malaysia",12/25/2017,31.8,24.8,26.9,,36.7,25,,,16.2,161,,8.8,58.2,82.29,"Rain, Partially cloudy"
"Selangor, Malaysia",12/26/2017,31,24,27.3,,36.6,5.47,,,18.2,236.76,,8.8,60.4,80.09,"Rain, Partially cloudy"
"Selangor, Malaysia",12/27/2017,31.9,24,27.7,,36.8,2,,,14.5,272.73,,10,57.8,75.81,"Rain, Partially cloudy"
"Selangor, Malaysia",12/28/2017,33.9,25,28.4,,39.3,0,,,14.7,155.33,,9.9,58.8,76.53,Partially cloudy
"Selangor, Malaysia",12/29/2017,32,24,27,,37.9,2.35,,,11,110.86,,8.4,59.6,84.62,"Rain, Partially cloudy"
"Selangor, Malaysia",12/30/2017,31,24.8,27.3,,35.9,0.6,,,14.6,66.79,,8.5,57.4,81.1,"Rain, Partially cloudy"
"Selangor, Malaysia",12/31/2017,31,25,27.2,,36.5,8.8,,,11.1,100.35,,7.9,59.1,82.32,"Rain, Partially cloudy"
