Name,Date time,Maximum Temperature,Minimum Temperature,Temperature,Wind Chill,Heat Index,Precipitation,Snow,Snow Depth,Wind Speed,Wind Direction,Wind Gust,Visibility,Cloud Cover,Relative Humidity,Conditions
"Selangor, Malaysia",01/01/2017,32,25,27.8,,37.8,1.8,,,11.4,150.54,,8.2,70.2,81.88,"Rain, Partially cloudy"
"Selangor, Malaysia",01/02/2017,31,25,26.8,,37.7,3.78,,,14.6,170.33,,9.6,59.3,86.95,"Rain, Partially cloudy"
"Selangor, Malaysia",01/03/2017,32,25,27.4,,39.2,16.6,,,9.3,170.13,,9.3,58.1,83.42,"Rain, Partially cloudy"
"Selangor, Malaysia",01/04/2017,31,23,27.4,,36.5,17,,,16.6,135.88,,9.3,58.4,79.79,"Rain, Partially cloudy"
"Selangor, Malaysia",01/05/2017,32,26,28.7,,36.7,0,,,14.6,114.29,,10,57.7,72.92,Partially cloudy
"Selangor, Malaysia",01/06/2017,34,26,29.6,,40.5,0,,,18.2,140.08,,10.1,60.3,71.8,Partially cloudy
"Selangor, Malaysia",01/07/2017,32.9,26.8,29.4,,38.8,0,,,22.2,142.58,38.9,10.1,58.2,70.4,Partially cloudy
"Selangor, Malaysia",01/08/2017,34,25.9,29.4,,38.3,0,,,14.7,135.96,,9.8,57.7,69.7,Partially cloudy
"Selangor, Malaysia",01/09/2017,34.9,24.8,29.3,,40.6,0,,,11.1,225.13,,10,58,70.11,Partially cloudy
"Selangor, Malaysia",01/10/2017,34,25.8,29.5,,43.4,0,,,16.5,181.96,,9.4,59.8,75.42,Partially cloudy
"Selangor, Malaysia",01/11/2017,33.9,26,29.5,,39.4,0,,,11.1,242.17,,6.6,58.2,74.67,Partially cloudy
"Selangor, Malaysia",01/12/2017,32.9,25,28.8,,40.2,0,,,12.9,215.79,,8.1,57.7,76.31,Partially cloudy
"Selangor, Malaysia",01/13/2017,31.9,26,27.8,,37.8,0,,,27.3,214.67,,7.4,57.7,82.4,Partially cloudy
"Selangor, Malaysia",01/14/2017,33.9,24.1,28.2,,40.5,0,,,16.4,248.63,,9.5,58.7,78.3,Partially cloudy
"Selangor, Malaysia",01/15/2017,33,24.8,28.6,,40.5,0.8,,,25.9,287.04,,9.9,58,77.17,"Rain, Partially cloudy"
"Selangor, Malaysia",01/16/2017,32,24,27.8,,39.1,3.91,,,18.3,264.08,,9,59.1,81.65,"Rain, Partially cloudy"
"Selangor, Malaysia",01/17/2017,32.9,25,27.7,,39.1,2.24,,,16.3,191.67,,8.9,58.8,82.2,"Rain, Partially cloudy"
"Selangor, Malaysia",01/18/2017,33,24.8,27,,39.2,12.15,,,14.6,156.79,27.7,8,57.4,82.74,"Rain, Partially cloudy"
"Selangor, Malaysia",01/19/2017,32,24,26.8,,37.9,10.6,,,18.2,203.71,,8.3,57.9,84.21,"Rain, Partially cloudy"
"Selangor, Malaysia",01/20/2017,30.9,24,26.4,,36.5,16.78,,,12.8,169.33,,8.4,59.7,85.54,"Rain, Partially cloudy"
"Selangor, Malaysia",01/21/2017,30,25,27,,35.1,3.9,,,7.6,81.46,,7.6,58.8,83.6,"Rain, Partially cloudy"
"Selangor, Malaysia",01/22/2017,33,23.1,27.3,,37.1,3,,,18.5,128.17,,9.1,60.5,77.35,"Rain, Partially cloudy"
"Selangor, Malaysia",01/23/2017,28.9,24,25.9,,33.5,15.95,,,14.7,254.21,,8.4,59.2,88.14,"Rain, Partially cloudy"
"Selangor, Malaysia",01/24/2017,25,23,24,,,15.34,,,11,281.13,,7.4,61,93.92,"Rain, Partially cloudy"
"Selangor, Malaysia",01/25/2017,31,22.8,25.3,,35.5,13.87,,,16.5,282.75,,8.5,60.1,87.72,"Rain, Partially cloudy"
"Selangor, Malaysia",01/26/2017,31.9,23,25.7,,36.7,22.84,,,18.2,237.38,,8.3,59.6,89.2,"Rain, Partially cloudy"
"Selangor, Malaysia",01/27/2017,30.9,23.8,26.1,,35.4,8.82,,,9.4,219.71,,8.6,54.9,86.89,"Rain, Partially cloudy"
"Selangor, Malaysia",01/28/2017,31,23.8,26.2,,35.4,23.74,,,18.1,156.54,,7.7,59.8,85.42,"Rain, Partially cloudy"
"Selangor, Malaysia",01/29/2017,30.9,23.8,26.7,,34.7,0.4,,,16.4,124.38,,8.4,58.2,82.67,"Rain, Partially cloudy"
"Selangor, Malaysia",01/30/2017,31,24.1,26.7,,37.7,37,,,14.7,205.08,,8,59.2,84.82,"Rain, Partially cloudy"
"Selangor, Malaysia",01/31/2017,30,24,26.2,,35.1,1.15,,,11.1,219,,8.9,59.1,85.06,"Rain, Partially cloudy"
"Selangor, Malaysia",02/01/2017,29,24.9,26.5,,33.6,0.4,,,16.3,174.83,,7.5,57.7,85.73,"Rain, Partially cloudy"
"Selangor, Malaysia",02/02/2017,30,23.9,26.5,,35.1,13,,,11,250.42,,8,57.7,82.04,"Rain, Partially cloudy"
"Selangor, Malaysia",02/03/2017,33,23.8,28,,39.3,0,,,20.3,280.46,,8.7,58.7,76.34,Partially cloudy
"Selangor, Malaysia",02/04/2017,33.9,25,28.7,,39.4,0.2,,,20.2,199.26,,9.7,64.4,75.36,"Rain, Partially cloudy"
"Selangor, Malaysia",02/05/2017,33.7,26,29,,40.1,7.2,,,18.2,247,,8.5,58.2,78.94,"Rain, Partially cloudy"
"Selangor, Malaysia",02/06/2017,33,25.8,28.9,,40.5,0,,,20.5,259.67,,9.7,58.2,78.87,Partially cloudy
"Selangor, Malaysia",02/07/2017,31.9,26,28.5,,37.8,19.6,,,17.9,287.5,,9.3,59.2,79.44,"Rain, Partially cloudy"
"Selangor, Malaysia",02/08/2017,32,25,27.9,,37.9,12.22,,,18.3,277.67,,8.7,57.7,80.29,"Rain, Partially cloudy"
"Selangor, Malaysia",02/09/2017,34,24.8,28.7,,40.3,0,,,20.4,279.46,,9.3,57.8,74.01,Partially cloudy
"Selangor, Malaysia",02/10/2017,34,25,29.1,,39.4,0,,,18.3,268.96,,10.2,58.8,71.55,Partially cloudy
"Selangor, Malaysia",02/11/2017,33,25,28.7,,36.5,2,,,13.3,105.29,38.9,10.2,59.7,69.42,"Rain, Partially cloudy"
"Selangor, Malaysia",02/12/2017,33,24.9,28.7,,36.1,0,,,12.9,120,,10.2,59.7,63.46,Partially cloudy
"Selangor, Malaysia",02/13/2017,32.9,25.8,28.7,,36.9,0.22,,,16.4,120.46,35.3,10,61.8,66.69,"Rain, Partially cloudy"
"Selangor, Malaysia",02/14/2017,32,24,27.8,,36.7,3.55,,,11.3,151.25,,10.3,58.8,73.31,"Rain, Partially cloudy"
"Selangor, Malaysia",02/15/2017,32,24.9,28.2,,36.5,24.2,,,18.1,217.88,,10.2,60.8,71.2,"Rain, Partially cloudy"
"Selangor, Malaysia",02/16/2017,33,24.2,28.6,,37,0.2,,,12.9,77.04,,10.3,58.7,65.13,"Rain, Partially cloudy"
"Selangor, Malaysia",02/17/2017,33.7,24.1,27.9,,39,2,,,11.1,99.46,,9.7,60.3,74.73,"Rain, Partially cloudy"
"Selangor, Malaysia",02/18/2017,34.9,24.2,28.7,,40.5,0,,,16.4,132.25,,8.5,58.2,77.5,Partially cloudy
"Selangor, Malaysia",02/19/2017,33.1,25,28.5,,42,2,,,16.4,206.67,,9.9,61.3,78.79,"Rain, Partially cloudy"
"Selangor, Malaysia",02/20/2017,34,25,28.5,,42,1,,,20.3,146.79,,9,58.8,80.69,"Rain, Partially cloudy"
"Selangor, Malaysia",02/21/2017,31.9,25.8,28,,39,11.2,,,14.6,220.54,,9.5,60.7,82.66,"Rain, Partially cloudy"
"Selangor, Malaysia",02/22/2017,33,25,28.2,,42.1,0.2,,,18.2,162.04,,9.3,60.3,82.22,"Rain, Partially cloudy"
"Selangor, Malaysia",02/23/2017,33.9,24.9,27.8,,45.1,42,,,18.2,187.46,46.4,8.7,60.5,83.64,"Rain, Partially cloudy"
"Selangor, Malaysia",02/24/2017,32.9,24.2,26.8,,42,13.04,,,13,197.08,,9,59.9,86.26,"Rain, Partially cloudy"
"Selangor, Malaysia",02/25/2017,33.9,24,27,,43.3,8.92,,,14.7,165.96,37.1,8.4,59.8,86.43,"Rain, Partially cloudy"
"Selangor, Malaysia",02/26/2017,33,25,27.7,,40.5,1.29,,,16.5,227.79,,8.8,57.7,83.07,"Rain, Partially cloudy"
"Selangor, Malaysia",02/27/2017,31,24.9,26.8,,37.7,16.59,,,9.5,147.04,,9.1,60.9,88.59,"Rain, Partially cloudy"
"Selangor, Malaysia",02/28/2017,32.1,24,27,,38,2.17,,,11.3,157.04,,9.3,59.3,83.85,"Rain, Partially cloudy"
"Selangor, Malaysia",03/01/2017,30,24,26.8,,35.2,0,,,11,156.83,,8,58.2,84.77,Partially cloudy
"Selangor, Malaysia",03/02/2017,31.9,24.1,26.9,,37.8,0.4,,,14.6,206,,8.8,59.7,84.23,"Rain, Partially cloudy"
"Selangor, Malaysia",03/03/2017,32,25,27.6,,37.4,2,,,18.1,181.83,,9,58.4,79.21,"Rain, Partially cloudy"
"Selangor, Malaysia",03/04/2017,32.9,24,27.8,,39.2,0,,,16.4,116.79,,9.3,59.3,80.8,Partially cloudy
"Selangor, Malaysia",03/05/2017,32.1,25,26.7,,40.8,25.87,,,18.2,210.63,,7.9,58.6,88.67,"Rain, Partially cloudy"
"Selangor, Malaysia",03/06/2017,33,24,27.6,,43.7,2.2,,,20.3,167.04,,8.3,59.3,86.77,"Rain, Partially cloudy"
"Selangor, Malaysia",03/07/2017,32,24,27.2,,37.9,2.36,,,12.8,124.67,,8.9,59.2,83.62,"Rain, Partially cloudy"
"Selangor, Malaysia",03/08/2017,33.7,24.8,27.6,,40.5,1,,,16.4,223.38,,8.1,59.3,79.87,"Rain, Partially cloudy"
"Selangor, Malaysia",03/09/2017,33.7,24.9,27.5,,38,0.2,,,20.2,107.42,,8.3,58.5,80.31,"Rain, Partially cloudy"
"Selangor, Malaysia",03/10/2017,34,24.9,28.6,,40.5,0.2,,,20.2,170.25,,8.7,59.3,73.91,"Rain, Partially cloudy"
"Selangor, Malaysia",03/11/2017,33.1,25,29,,40.6,0.4,,,18.1,153.33,,8.8,58.8,75.15,"Rain, Partially cloudy"
"Selangor, Malaysia",03/12/2017,33.9,25,28.5,,39.3,4.2,,,18.2,213.83,,9.9,59.3,74.63,"Rain, Partially cloudy"
"Selangor, Malaysia",03/13/2017,34,24.9,28.8,,41.3,0,,,20.3,209.71,,9.7,58.8,75.03,Partially cloudy
"Selangor, Malaysia",03/14/2017,33.9,25,28.1,,39.3,5,,,16.3,133.42,,9.1,59.7,80.89,"Rain, Partially cloudy"
"Selangor, Malaysia",03/15/2017,34.9,25,29.3,,41.9,0,,,16.5,203.17,,8.2,59.2,76.04,Partially cloudy
"Selangor, Malaysia",03/16/2017,32,26.8,28.5,,37.8,0.59,,,18.1,198.96,,7.9,58.7,79.61,"Rain, Partially cloudy"
"Selangor, Malaysia",03/17/2017,33.9,25,27.5,,41.9,3.97,,,20.3,225,,7.7,60.3,82.7,"Rain, Partially cloudy"
"Selangor, Malaysia",03/18/2017,32.8,24.9,27.1,,38.7,15.86,,,16.2,140.33,40.7,8.4,58.7,84.09,"Rain, Partially cloudy"
"Selangor, Malaysia",03/19/2017,32.9,25,26.8,,39.2,17.94,,,16.4,132.79,,7.2,60.7,87.55,"Rain, Partially cloudy"
"Selangor, Malaysia",03/20/2017,29,24,26.3,,34.5,4.92,,,16.4,248.79,,8,64.5,86.69,"Rain, Partially cloudy"
"Selangor, Malaysia",03/21/2017,33,24,28.6,,40.5,0,,,22.3,310.5,,9.6,60.8,76.87,Partially cloudy
"Selangor, Malaysia",03/22/2017,34.9,26,29.5,,40.6,0,,,23.9,261,,10.3,58.8,72.67,Partially cloudy
"Selangor, Malaysia",03/23/2017,34,26.9,29.4,,40.7,3,,,12.9,109.96,,9.2,59.8,76.69,"Rain, Partially cloudy"
"Selangor, Malaysia",03/24/2017,30,26,27.9,,35,20.4,,,16.3,206.71,,6.8,59,84.43,"Rain, Partially cloudy"
"Selangor, Malaysia",03/25/2017,34.9,25,28.7,,42,2,,,16.4,218.54,,8.1,62.4,79.19,"Rain, Partially cloudy"
"Selangor, Malaysia",03/26/2017,34.7,25.9,28,,39.4,6,,,22,126.92,,9.1,58.5,82.81,"Rain, Partially cloudy"
"Selangor, Malaysia",03/27/2017,34,25,28.2,,42.2,46,,,18.1,170.08,31.7,8.6,59.3,79.63,"Rain, Partially cloudy"
"Selangor, Malaysia",03/28/2017,32,24.7,26.9,,37.9,46.73,,,14.5,174.92,,7.9,59,85.78,"Rain, Partially cloudy"
"Selangor, Malaysia",03/29/2017,33,24.9,27,,39.3,15.31,,,12.8,175.63,,9.5,58.8,85.27,"Rain, Partially cloudy"
"Selangor, Malaysia",03/30/2017,32.1,25,27.5,,37.8,2.4,,,11.1,230.13,,9.3,58.9,81.43,"Rain, Partially cloudy"
"Selangor, Malaysia",03/31/2017,32,25.8,28.1,,37.9,0,,,14.7,203.71,,7.8,58.2,81.04,Partially cloudy
"Selangor, Malaysia",04/01/2017,31.9,24.9,26.6,,37.7,42,,,12.8,228.21,38.9,7.1,58.6,86.23,"Rain, Partially cloudy"
"Selangor, Malaysia",04/02/2017,31,24.8,27.2,,36.5,18.89,,,14.7,248.75,,8.3,61,83.84,"Rain, Partially cloudy"
"Selangor, Malaysia",04/03/2017,32,25,27.9,,37.9,2.03,,,18.2,303.88,,9.7,58.7,80.51,"Rain, Partially cloudy"
"Selangor, Malaysia",04/04/2017,33,25,28.7,,39.2,0,,,20.5,308.17,,9.4,59.7,75.99,Partially cloudy
"Selangor, Malaysia",04/05/2017,33.1,25,28.9,,39.3,0.8,,,16.6,259.13,,9.8,59.8,76.95,"Rain, Partially cloudy"
"Selangor, Malaysia",04/06/2017,32.1,26,28.7,,37,3,,,14.7,276.29,,10.3,58.7,75.74,"Rain, Partially cloudy"
"Selangor, Malaysia",04/07/2017,33.9,25.9,29.3,,39.2,6.2,,,16.2,235.13,,10.1,57.7,74.15,"Rain, Partially cloudy"
"Selangor, Malaysia",04/08/2017,32.9,26,28.7,,39.3,0.2,,,14.7,186.83,,9.8,58.2,76.8,"Rain, Partially cloudy"
"Selangor, Malaysia",04/09/2017,33.7,25,27.9,,40.6,0.4,,,14.6,152.08,,8.5,58.7,81.95,"Rain, Partially cloudy"
"Selangor, Malaysia",04/10/2017,31.9,25,28.4,,37.9,0.2,,,11.2,168.33,,9.6,57.7,77.68,"Rain, Partially cloudy"
"Selangor, Malaysia",04/11/2017,31.9,25,27.1,,37.9,15,,,22,171.29,,7.6,60.1,85.63,"Rain, Partially cloudy"
"Selangor, Malaysia",04/12/2017,33.9,25,28.5,,41.9,9.2,,,16.4,108.33,,7.2,61,80.71,"Rain, Partially cloudy"
"Selangor, Malaysia",04/13/2017,34,25,28.3,,41.9,0.4,,,14.7,134.5,,9.4,58.9,81.75,"Rain, Partially cloudy"
"Selangor, Malaysia",04/14/2017,34.9,25,27.5,,43.2,5,,,18.1,118.5,,8.6,58.8,85.23,"Rain, Partially cloudy"
"Selangor, Malaysia",04/15/2017,33.9,25.9,27.7,,41.4,17.94,,,22.1,134.08,40.7,8.6,58.9,85.65,"Rain, Partially cloudy"
"Selangor, Malaysia",04/16/2017,34.9,24.9,28,,43.3,46.6,,,22,115.17,46.4,7.6,58.7,84.1,"Rain, Partially cloudy"
"Selangor, Malaysia",04/17/2017,34.9,24.9,29.3,,44.8,0,,,11.2,148.42,,9.4,59.8,77.68,Partially cloudy
"Selangor, Malaysia",04/18/2017,31,24.2,27.8,,37.7,33,,,12.9,199.79,,8.8,57.9,83.46,"Rain, Partially cloudy"
"Selangor, Malaysia",04/19/2017,33,24.1,28.1,,42,0,,,16.5,174.38,,9.8,59.4,81.92,Partially cloudy
"Selangor, Malaysia",04/20/2017,32.9,25,27.1,,39.2,12.56,,,14.7,122.92,,8.6,59.5,86.37,"Rain, Partially cloudy"
"Selangor, Malaysia",04/21/2017,32.8,25,27.8,,38.8,0.22,,,16.5,273.54,,8.9,61.3,80.86,"Rain, Partially cloudy"
"Selangor, Malaysia",04/22/2017,31.2,24,27.5,,36.6,108.8,,,14.4,236.25,,8.9,58.4,81.11,"Rain, Partially cloudy"
"Selangor, Malaysia",04/23/2017,34,25,29.3,,40.5,0,,,12.8,266.21,,10.5,59.3,73.2,Partially cloudy
"Selangor, Malaysia",04/24/2017,31.8,26,28.4,,40.4,31,,,11.1,211.79,,8.2,58.2,81.9,"Rain, Partially cloudy"
"Selangor, Malaysia",04/25/2017,32.9,25.9,28.2,,39.8,10.4,,,22,210.54,,8.7,58.7,78.99,"Rain, Partially cloudy"
"Selangor, Malaysia",04/26/2017,29.9,24.2,25.8,,35,36.6,,,11.2,179,,8.3,58.3,88.63,"Rain, Partially cloudy"
"Selangor, Malaysia",04/27/2017,32.6,24.1,27.6,,38.2,0,,,14.6,229.29,,10,81.9,80.88,Overcast
"Selangor, Malaysia",04/28/2017,31.9,24.1,26.7,,37.9,8.64,,,13,163.71,,8.9,58.3,85.85,"Rain, Partially cloudy"
"Selangor, Malaysia",04/29/2017,34,23.9,27.4,,43.5,6.92,,,16.6,238.83,,8.1,57.5,80.92,"Rain, Partially cloudy"
"Selangor, Malaysia",04/30/2017,33,25,27.8,,40.5,6.2,,,16.5,140.33,,7.4,59.4,82.2,"Rain, Partially cloudy"
"Selangor, Malaysia",05/01/2017,32.2,24.1,27,,38,1,,,11.2,227.25,,7.7,60.2,85.47,"Rain, Partially cloudy"
"Selangor, Malaysia",05/02/2017,32.7,24,26.6,,39.1,46.74,,,16.5,211.25,,7.2,58.9,86.29,"Rain, Partially cloudy"
"Selangor, Malaysia",05/03/2017,31.1,24.8,27.6,,37.9,3,,,14.5,221.5,,6.3,58,83.7,"Rain, Partially cloudy"
"Selangor, Malaysia",05/04/2017,32.9,22.9,26.6,,40.5,28.2,,,18.1,134.29,,7.5,58.4,84.65,"Rain, Partially cloudy"
"Selangor, Malaysia",05/05/2017,31.1,24.2,27.4,,37.8,9,,,11.2,244.54,,7.5,58.4,82.2,"Rain, Partially cloudy"
"Selangor, Malaysia",05/06/2017,32,25,27.6,,38,2,,,12.9,190.38,,8.4,60.2,81.92,"Rain, Partially cloudy"
"Selangor, Malaysia",05/07/2017,31,24.9,27.3,,36.5,0,,,14.7,220.67,,8.5,57.5,83.24,Partially cloudy
"Selangor, Malaysia",05/08/2017,30,25,27.4,,36.2,0.6,,,11.2,151.25,,9.3,57.7,82.37,"Rain, Partially cloudy"
"Selangor, Malaysia",05/09/2017,31.7,25.9,28,,38.5,0,,,14.7,171.25,,8,59.2,81.55,Partially cloudy
"Selangor, Malaysia",05/10/2017,30,25,26.7,,36.2,8.41,,,16.2,140.42,,8.6,59.1,85.81,"Rain, Partially cloudy"
"Selangor, Malaysia",05/11/2017,33.9,24,28.1,,39.3,0.2,,,16.3,174.46,,9.3,60.3,78.29,"Rain, Partially cloudy"
"Selangor, Malaysia",05/12/2017,34,25,29.1,,38.3,0,,,11.1,204.75,,9.9,59.4,72.13,Partially cloudy
"Selangor, Malaysia",05/13/2017,32,26,29,,38,0.2,,,11.1,227.58,,9.2,59.8,77.57,"Rain, Partially cloudy"
"Selangor, Malaysia",05/14/2017,33,26,29.5,,40.6,0,,,18.4,90.04,,9.2,57.8,75.37,Partially cloudy
"Selangor, Malaysia",05/15/2017,33,24.9,29,,39.2,1,,,12.7,157.38,,10.5,63.8,73.14,"Rain, Partially cloudy"
"Selangor, Malaysia",05/16/2017,33,27,29.5,,40.6,0.2,,,20.3,105.04,,10,58.7,73.07,"Rain, Partially cloudy"
"Selangor, Malaysia",05/17/2017,34,26,30,,40.5,0,,,23.9,116.96,,10.4,59.3,70.65,Partially cloudy
"Selangor, Malaysia",05/18/2017,32.9,24.8,28.9,,39.2,0.22,,,18.2,139.09,38.9,10.4,58.2,73.05,"Rain, Partially cloudy"
"Selangor, Malaysia",05/19/2017,34.9,27,30.3,,39.5,0,,,20.3,131.54,,10.6,60.8,67.77,Partially cloudy
"Selangor, Malaysia",05/20/2017,33,24.2,29,,38.7,5.2,,,14.5,133.5,,9.5,60.6,72.79,"Rain, Partially cloudy"
"Selangor, Malaysia",05/21/2017,33.7,26,29.4,,41.7,0.2,,,16.5,135.35,,10,58.7,74.66,"Rain, Partially cloudy"
"Selangor, Malaysia",05/22/2017,31,26.2,27.8,,36.9,12,,,18.1,90.71,,7.8,58.5,85.61,"Rain, Partially cloudy"
"Selangor, Malaysia",05/23/2017,33,25.8,28.1,,39.3,7.2,,,18.1,66.39,,8.8,59.2,83.06,"Rain, Partially cloudy"
"Selangor, Malaysia",05/24/2017,30.9,26,28.2,,37,0,,,16.4,106.14,,9,59.4,80.4,Partially cloudy
"Selangor, Malaysia",05/25/2017,34,25.8,28.7,,40.6,3,,,14.8,83.17,,9.1,58.9,78.32,"Rain, Partially cloudy"
"Selangor, Malaysia",05/26/2017,32.9,25.8,28.3,,39.1,0.41,,,18.2,141.21,,9.8,58.7,75.85,"Rain, Partially cloudy"
"Selangor, Malaysia",05/27/2017,33,26,28.2,,39.3,22,,,14.7,86.46,,9.5,59.2,77.47,"Rain, Partially cloudy"
"Selangor, Malaysia",05/28/2017,33.9,26,28.9,,41.9,0.2,,,14.7,94.25,,9.4,58.8,78.99,"Rain, Partially cloudy"
"Selangor, Malaysia",05/29/2017,33.9,25.1,28.8,,41.9,31,,,16.5,89.7,,9.1,59,80.38,"Rain, Partially cloudy"
"Selangor, Malaysia",05/30/2017,33.9,24.8,27.9,,41.9,32.36,,,14.8,136.23,,8.8,60,83.61,"Rain, Partially cloudy"
"Selangor, Malaysia",05/31/2017,31,25.9,27,,36.6,9,,,13,132.96,,10.2,59.2,84.24,"Rain, Partially cloudy"
"Selangor, Malaysia",06/01/2017,33.7,25.9,29.1,,39.9,0,,,12.8,132.08,,10.4,58.7,73.47,Partially cloudy
"Selangor, Malaysia",06/02/2017,31.7,24.8,28,,37.2,0.22,,,12.9,123.13,38.9,9,60.7,76.76,"Rain, Partially cloudy"
"Selangor, Malaysia",06/03/2017,34.9,26,30.3,,40.2,0,,,14.7,96.75,,10.2,57.5,68.27,Partially cloudy
"Selangor, Malaysia",06/04/2017,32,23.2,27.7,,37.9,19,,,21.7,109.32,,10.1,57.8,77.07,"Rain, Partially cloudy"
"Selangor, Malaysia",06/05/2017,33.9,25.8,29.4,,39.3,0,,,12.9,88.96,,10,60.3,71.88,Partially cloudy
"Selangor, Malaysia",06/06/2017,34,26.9,29.9,,37.3,0,,,16.4,124.83,42.5,10.1,57.7,67.31,Partially cloudy
"Selangor, Malaysia",06/07/2017,32,26,29,,39.2,0,,,11.1,91.04,,8.8,59,74.7,Partially cloudy
"Selangor, Malaysia",06/08/2017,33,26.8,28.9,,38.2,0,,,14.8,98.48,,8.4,59.3,76.07,Partially cloudy
"Selangor, Malaysia",06/09/2017,34,26,29.7,,40.6,0,,,18.1,94.38,,10.3,59.8,71.79,Partially cloudy
"Selangor, Malaysia",06/10/2017,30,26,28.4,,34.1,3.21,,,18.1,180.22,,9.9,58.7,74.08,"Rain, Partially cloudy"
"Selangor, Malaysia",06/11/2017,34,25,29.2,,39.4,0,,,12.8,129.04,,9.3,57.7,69.98,Partially cloudy
"Selangor, Malaysia",06/12/2017,32,26,29,,37.9,0,,,16.5,161.42,,9.6,59.3,75.47,Partially cloudy
"Selangor, Malaysia",06/13/2017,31.9,26.9,29.4,,37.8,0,,,20.2,108.22,,9.7,58.2,74.33,Partially cloudy
"Selangor, Malaysia",06/14/2017,33,26,28.9,,37,0,,,16.3,145.26,,10,59,70.06,Partially cloudy
"Selangor, Malaysia",06/15/2017,33.1,25.8,28.3,,38,0.2,,,20.2,187.33,,9,55.6,75.09,"Rain, Partially cloudy"
"Selangor, Malaysia",06/16/2017,33.7,24.2,27.3,,38,70,,,20.2,167.6,,7,58.7,79.84,"Rain, Partially cloudy"
"Selangor, Malaysia",06/17/2017,30.9,25,26.5,,36.5,3.14,,,27.2,135.13,,6,58.3,87.31,"Rain, Partially cloudy"
"Selangor, Malaysia",06/18/2017,32,24,27.5,,36.8,3.4,,,16.6,182.21,,9.2,59.2,77.08,"Rain, Partially cloudy"
"Selangor, Malaysia",06/19/2017,33.9,25,29.1,,38.3,0,,,12.9,162.75,,10.3,57.5,66.72,Partially cloudy
"Selangor, Malaysia",06/20/2017,33,23.1,28.1,,38.1,0,,,20.1,171.45,,9.7,61.5,75.22,Partially cloudy
"Selangor, Malaysia",06/21/2017,32.9,26,27.9,,38,4.4,,,16.4,99.1,,7.6,58.1,80.13,"Rain, Partially cloudy"
"Selangor, Malaysia",06/22/2017,32,25.8,28.4,,36.8,0,,,14.6,114.33,,8.6,57.8,76.68,Partially cloudy
"Selangor, Malaysia",06/23/2017,31,24,28,,34.6,0,,,12.9,245.19,,9.1,57.9,74.52,Partially cloudy
"Selangor, Malaysia",06/24/2017,34,25,28.8,,38.2,0,,,12.8,88.45,,8.7,57.8,73.35,Partially cloudy
"Selangor, Malaysia",06/25/2017,34,24,28.5,,40.6,0.2,,,16.3,209.71,,9.5,57.9,74.83,"Rain, Partially cloudy"
"Selangor, Malaysia",06/26/2017,32,23,27.5,,38.1,1.6,,,18,123.88,,9.1,59.4,81.34,"Rain, Partially cloudy"
"Selangor, Malaysia",06/27/2017,31,23.8,27.1,,35.5,37.65,,,11.1,98.21,,9.4,60.9,80.33,"Rain, Partially cloudy"
"Selangor, Malaysia",06/28/2017,34.9,24.9,28.8,,40.5,0,,,14.7,97.23,,10.1,58,74.74,Partially cloudy
"Selangor, Malaysia",06/29/2017,31.9,25,28.1,,36.7,0,,,14.5,135.78,,9,60.8,77.47,Partially cloudy
"Selangor, Malaysia",06/30/2017,34,26,29.2,,39.4,0,,,14.5,113.83,,10.4,54.2,71.67,Partially cloudy
